sy_name,sy_snum,sy_pnum
11 Com,2,1
11 UMi,1,1
14 And,1,1
14 Her,1,2
16 Cyg,3,1
17 Sco,1,1
18 Del,2,1
1RXS J160929.1-210524,1,1
24 Boo,1,1
24 Sex,1,2
2MASS J01033563-5515561,2,1
2MASS J01225093-2439505,1,1
2MASS J02192210-3925225,1,1
2MASS J0249-0557,2,1
2MASS J03590986+2009361,1,1
2MASS J04372171+2651014,1,1
2MASS J04414489+2301513,1,1
2MASS J11011926-7732383,1,1
2MASS J11550485-7919108,1,1
2MASS J12073346-3932539,1,1
2MASS J19383260+4603591,2,3
2MASS J21252752-8138278,1,1
2MASS J22362452+4751425,1,1
30 Ari,4,1
4 UMa,1,1
42 Dra,2,1
47 UMa,1,3
51 Eri,3,1
51 Peg,1,1
55 Cnc,2,5
6 Lyn,1,1
61 Vir,1,3
7 CMa,1,2
70 Vir,1,1
75 Cet,2,2
8 UMi,1,1
81 Cet,1,1
91 Aqr,3,1
AB Aur,1,1
AB Pic,1,1
AF Lep,1,1
AU Mic,1,3
BD+03 2562,1,1
BD+14 4559,1,1
BD+15 2375,1,1
BD+15 2940,1,1
BD+20 2457,1,2
BD+20 274,1,1
BD+20 594,1,1
BD+45 564,1,1
BD+48 738,1,1
BD+48 740,1,1
BD+49 828,1,1
BD+55 362,1,1
BD+60 1417,1,1
BD+63 1405,1,1
BD-06 1339,1,2
BD-08 2823,1,2
BD-10 3166,1,1
BD-11 4672,1,2
BD-13 2130,1,1
BD-14 3065,3,1
BD-17 63,1,1
BD-210397,1,2
CD Cet,1,1
CFBDSIR J145829+101343,1,1
CFHTWIR-Oph 98,1,1
CHXR 73,1,1
CI Tau,1,1
COCONUTS-2,1,1
CT Cha,1,1
CoRoT-1,1,1
CoRoT-10,1,1
CoRoT-11,1,1
CoRoT-12,1,1
CoRoT-13,1,1
CoRoT-14,1,1
CoRoT-16,1,1
CoRoT-17,1,1
CoRoT-18,1,1
CoRoT-19,1,1
CoRoT-2,2,1
CoRoT-20,1,2
CoRoT-21,1,1
CoRoT-22,1,1
CoRoT-23,1,1
CoRoT-24,1,2
CoRoT-25,1,1
CoRoT-26,1,1
CoRoT-27,1,1
CoRoT-28,1,1
CoRoT-29,1,1
CoRoT-3,1,1
CoRoT-30,1,1
CoRoT-31,1,1
CoRoT-35,1,1
CoRoT-36,1,1
CoRoT-4,1,1
CoRoT-5,1,1
CoRoT-6,1,1
CoRoT-7,1,3
CoRoT-8,1,1
CoRoT-9,2,1
CoRoTID 223977153,1,1
DE CVn,2,1
DENIS-P J082303.1-491201,1,1
DH Tau,1,1
DMPP-1,1,4
DMPP-2,1,1
DMPP-3,2,1
DMPP-4,1,1
DP Leo,2,1
DS Tuc,2,1
EPIC 201170410,1,1
EPIC 201238110,1,1
EPIC 201427007,1,1
EPIC 201497682,1,1
EPIC 201595106,1,1
EPIC 201757695,1,1
EPIC 201841433,1,1
EPIC 206024342,1,3
EPIC 206032309,1,1
EPIC 206042996,1,2
EPIC 206215704,1,1
EPIC 206317286,1,2
EPIC 211822797,1,1
EPIC 211945201,1,1
EPIC 212297394,1,2
EPIC 212424622,1,1
EPIC 212499991,1,1
EPIC 212587672,1,2
EPIC 212624936,1,2
EPIC 212737443,1,2
EPIC 220492298,1,1
EPIC 220674823,1,2
EPIC 228836835,1,1
EPIC 229004835,1,1
EPIC 246851721,2,1
EPIC 248847494,1,1
EPIC 249893012,1,3
FU Tau,1,1
G 196-3,1,1
G 264-012,1,2
G 9-40,1,1
GJ 1002,1,2
GJ 1061,1,3
GJ 1132,1,2
GJ 1148,1,2
GJ 1151,1,1
GJ 1214,1,1
GJ 1252,1,1
GJ 1265,1,1
GJ 143,1,2
GJ 15,2,2
GJ 160.2,1,1
GJ 163,1,3
GJ 179,1,1
GJ 180,1,3
GJ 2030,1,2
GJ 2056,1,1
GJ 229,2,2
GJ 238,1,1
GJ 251,1,1
GJ 27.1,1,1
GJ 273,1,2
GJ 3021,2,1
GJ 3082,1,1
GJ 3090,1,1
GJ 3138,1,3
GJ 317,1,2
GJ 328,1,2
GJ 3293,1,4
GJ 3323,1,2
GJ 3341,1,1
GJ 338,2,1
GJ 3470,1,1
GJ 3473,2,2
GJ 3512,1,2
GJ 357,1,3
GJ 3634,1,1
GJ 367,1,3
GJ 3779,1,1
GJ 3929,1,2
GJ 393,1,1
GJ 3942,1,1
GJ 3988,1,1
GJ 3998,1,2
GJ 411,1,2
GJ 414,2,2
GJ 422,1,1
GJ 4276,1,1
GJ 433,1,3
GJ 436,1,1
GJ 463,1,1
GJ 480,1,1
GJ 486,1,1
GJ 504,1,1
GJ 514,1,1
GJ 536,1,1
GJ 581,1,3
GJ 625,1,1
GJ 649,1,1
GJ 667,3,5
GJ 674,1,1
GJ 676,2,4
GJ 682,1,2
GJ 685,1,1
GJ 687,1,2
GJ 720,2,1
GJ 724,1,1
GJ 740,1,1
GJ 806,1,2
GJ 832,1,1
GJ 849,1,2
GJ 86,2,1
GJ 876,1,4
GJ 887,1,2
GJ 896,2,1
GJ 900,3,1
GJ 9066,1,1
GJ 9404,1,1
GJ 96,1,1
GJ 9689,1,1
GJ 9827,1,3
GPX-1,1,1
GQ Lup,1,1
GSC 06214-00210,1,1
GU Psc,1,1
Gaia-1,1,1
Gaia-2,1,1
Gaia22dkvL,1,1
Gl 378,1,1
Gl 49,2,1
Gl 686,1,1
Gliese 12,1,1
HAT-P-1,2,1
HAT-P-11,1,2
HAT-P-12,1,1
HAT-P-13,1,2
HAT-P-14,2,1
HAT-P-15,1,1
HAT-P-16,3,1
HAT-P-17,1,2
HAT-P-18,1,1
HAT-P-19,1,1
HAT-P-2,1,2
HAT-P-20,1,1
HAT-P-21,1,1
HAT-P-22,2,1
HAT-P-23,1,1
HAT-P-24,2,1
HAT-P-25,1,1
HAT-P-26,1,1
HAT-P-27,2,1
HAT-P-28,1,1
HAT-P-29,2,1
HAT-P-3,2,1
HAT-P-30,2,1
HAT-P-31,1,1
HAT-P-32,2,1
HAT-P-33,2,1
HAT-P-34,1,1
HAT-P-35,3,1
HAT-P-36,1,1
HAT-P-37,1,1
HAT-P-38,1,1
HAT-P-39,2,1
HAT-P-4,2,1
HAT-P-40,1,1
HAT-P-41,2,1
HAT-P-42,1,1
HAT-P-43,1,1
HAT-P-44,1,2
HAT-P-45,1,1
HAT-P-46,1,1
HAT-P-49,1,1
HAT-P-5,1,1
HAT-P-50,1,1
HAT-P-51,1,1
HAT-P-52,1,1
HAT-P-53,1,1
HAT-P-54,1,1
HAT-P-55,1,1
HAT-P-56,1,1
HAT-P-57,3,1
HAT-P-58,1,1
HAT-P-59,1,1
HAT-P-6,1,1
HAT-P-60,1,1
HAT-P-61,1,1
HAT-P-62,1,1
HAT-P-63,1,1
HAT-P-64,1,1
HAT-P-65,1,1
HAT-P-66,1,1
HAT-P-67,2,1
HAT-P-68,1,1
HAT-P-69,1,1
HAT-P-7,2,1
HAT-P-70,1,1
HAT-P-8,3,1
HAT-P-9,1,1
HATS-1,1,1
HATS-10,1,1
HATS-11,1,1
HATS-12,1,1
HATS-13,1,1
HATS-14,1,1
HATS-15,1,1
HATS-16,1,1
HATS-17,1,1
HATS-18,1,1
HATS-2,1,1
HATS-22,1,1
HATS-23,1,1
HATS-24,1,1
HATS-25,1,1
HATS-26,1,1
HATS-27,1,1
HATS-28,1,1
HATS-29,1,1
HATS-3,1,1
HATS-30,2,1
HATS-31,1,1
HATS-32,1,1
HATS-33,1,1
HATS-34,1,1
HATS-35,1,1
HATS-36,1,1
HATS-37,2,1
HATS-38,1,1
HATS-39,1,1
HATS-4,1,1
HATS-40,1,1
HATS-41,1,1
HATS-42,1,1
HATS-43,1,1
HATS-44,1,1
HATS-45,1,1
HATS-46,1,1
HATS-47,1,1
HATS-48,2,1
HATS-49,1,1
HATS-5,1,1
HATS-50,1,1
HATS-51,1,1
HATS-52,1,1
HATS-53,1,1
HATS-54,1,1
HATS-55,1,1
HATS-56,1,1
HATS-57,1,1
HATS-58,2,1
HATS-59,1,2
HATS-6,1,1
HATS-60,1,1
HATS-61,1,1
HATS-62,1,1
HATS-63,1,1
HATS-64,1,1
HATS-65,2,1
HATS-66,1,1
HATS-67,1,1
HATS-68,1,1
HATS-69,1,1
HATS-7,1,1
HATS-70,1,1
HATS-71,1,1
HATS-72,1,1
HATS-74,2,1
HATS-75,1,1
HATS-76,1,1
HATS-77,1,1
HATS-8,1,1
HATS-9,1,1
HD 100546,1,1
HD 100655,2,1
HD 100777,1,1
HD 10180,1,6
HD 101930,2,1
HD 102117,1,1
HD 102195,1,1
HD 102272,1,1
HD 102329,1,2
HD 102365,2,1
HD 102843,1,1
HD 102956,2,1
HD 103197,1,1
HD 103720,1,1
HD 103774,2,1
HD 103891,1,1
HD 103949,1,1
HD 104067,1,2
HD 10442,1,1
HD 104985,1,1
HD 105618,1,2
HD 105779,1,1
HD 106252,1,1
HD 106270,1,1
HD 106315,1,2
HD 10647,1,1
HD 106515,2,1
HD 106906,1,1
HD 10697,1,1
HD 107148,2,2
HD 108147,1,1
HD 108202,1,1
HD 108236,1,5
HD 108341,2,1
HD 108863,1,1
HD 108874,1,2
HD 109246,1,1
HD 109271,1,2
HD 109286,1,1
HD 109749,2,1
HD 10975,1,1
HD 109833,1,2
HD 109988,1,1
HD 110014,1,1
HD 110067,3,6
HD 110082,2,1
HD 110113,1,2
HD 11112,1,1
HD 111232,1,2
HD 111591,1,1
HD 111998,1,1
HD 112300,1,1
HD 112570,1,1
HD 112640,1,1
HD 113337,1,2
HD 113538,1,2
HD 113996,2,1
HD 114082,1,1
HD 114386,1,1
HD 114729,2,1
HD 114783,1,2
HD 11505,1,1
HD 11506,1,3
HD 115954,1,1
HD 116029,2,2
HD 117207,1,1
HD 11755,1,1
HD 117618,1,1
HD 118203,1,2
HD 11964,2,2
HD 11977,1,1
HD 120084,1,1
HD 121504,1,1
HD 12235,1,2
HD 122562,1,1
HD 124330,1,1
HD 12484,1,1
HD 125271,1,1
HD 125390,1,1
HD 125595,1,1
HD 125612,2,3
HD 12648,1,1
HD 126525,1,1
HD 12661,1,2
HD 126614,3,1
HD 128311,1,2
HD 128356,1,1
HD 129445,1,1
HD 130322,1,1
HD 131496,1,1
HD 13167,1,1
HD 13189,1,1
HD 132406,1,1
HD 132563,3,1
HD 133131,2,3
HD 134060,1,2
HD 134606,1,5
HD 134987,1,2
HD 135625,1,1
HD 135694,1,1
HD 135872,1,1
HD 136118,1,1
HD 136352,1,3
HD 136418,1,1
HD 136925,1,1
HD 13724,1,1
HD 137388,1,1
HD 137496,1,2
HD 13808,1,2
HD 13908,1,2
HD 13931,1,1
HD 139357,1,1
HD 1397,1,1
HD 14067,1,1
HD 141004,1,1
HD 141399,1,4
HD 141937,1,1
HD 142,2,3
HD 142022,2,1
HD 142245,3,1
HD 142415,1,1
HD 143105,1,1
HD 143361,1,1
HD 144899,1,1
HD 145377,1,1
HD 145457,1,1
HD 145934,1,1
HD 1461,1,2
HD 147018,1,2
HD 147379,2,1
HD 147513,2,1
HD 14787,1,1
HD 147873,2,2
HD 148156,1,1
HD 148164,1,2
HD 148427,1,1
HD 149026,1,1
HD 149143,1,1
HD 150010,1,1
HD 1502,1,1
HD 150706,1,1
HD 151450,1,2
HD 152079,1,1
HD 152581,1,1
HD 152843,1,2
HD 15337,1,2
HD 153950,1,1
HD 154088,1,1
HD 154345,1,1
HD 154391,1,1
HD 154672,1,1
HD 154857,1,2
HD 155193,1,1
HD 155358,1,2
HD 156098,1,2
HD 156279,1,2
HD 156411,1,1
HD 156668,1,2
HD 156846,2,1
HD 158038,1,1
HD 158259,1,5
HD 158996,1,1
HD 15906,1,2
HD 159243,1,2
HD 159868,1,2
HD 1605,1,2
HD 160691,1,4
HD 161178,1,1
HD 16141,2,1
HD 16175,1,1
HD 162020,1,1
HD 163607,1,2
HD 16417,2,1
HD 164509,2,1
HD 164595,2,1
HD 164604,1,1
HD 164922,1,4
HD 165131,1,1
HD 165155,1,1
HD 1666,1,1
HD 166724,1,1
HD 167042,1,1
HD 167677,1,1
HD 167768,1,1
HD 168009,1,1
HD 168443,1,2
HD 168746,1,1
HD 168863,1,1
HD 1690,1,1
HD 16905,1,1
HD 169142,1,1
HD 169830,1,2
HD 170469,2,1
HD 17092,1,1
HD 171028,1,1
HD 171238,1,1
HD 17156,1,1
HD 173416,1,1
HD 174205,1,1
HD 175167,1,1
HD 175541,1,1
HD 175607,1,1
HD 17674,1,1
HD 176986,1,2
HD 177565,1,1
HD 177830,2,2
HD 178911,3,1
HD 179079,1,1
HD 179949,1,1
HD 180053,1,1
HD 18015,1,1
HD 180314,1,1
HD 180617,2,1
HD 180902,2,1
HD 181234,1,1
HD 181342,1,1
HD 181433,1,3
HD 181720,1,1
HD 183263,1,2
HD 183579,1,1
HD 184010,1,3
HD 18438,1,1
HD 185269,3,1
HD 185283,1,1
HD 18599,2,1
HD 187085,1,1
HD 187123,1,2
HD 18742,1,1
HD 188015,2,1
HD 188641,1,1
HD 189567,1,2
HD 189733,2,1
HD 190007,1,1
HD 190228,1,1
HD 190360,2,2
HD 190647,1,1
HD 190984,1,1
HD 191806,1,1
HD 191939,1,6
HD 192263,1,1
HD 192310,1,2
HD 192699,1,1
HD 194490,1,1
HD 195019,2,1
HD 196050,3,1
HD 196067,2,1
HD 19615,1,1
HD 196885,2,1
HD 197037,2,1
HD 19994,3,1
HD 20003,1,2
HD 200964,1,2
HD 202206,2,1
HD 202696,1,2
HD 202772,2,1
HD 203030,1,1
HD 20329,1,1
HD 203387,1,2
HD 2039,1,1
HD 204313,1,3
HD 204941,2,1
HD 205158,1,1
HD 205739,1,1
HD 206255,1,1
HD 206610,1,1
HD 206893,1,2
HD 207496,1,1
HD 20782,2,5
HD 207832,3,2
HD 207897,1,1
HD 20794,1,4
HD 208487,1,1
HD 208527,1,1
HD 20868,1,1
HD 208897,1,1
HD 209458,1,1
HD 210193,1,1
HD 210277,1,1
HD 210702,1,1
HD 211403,1,1
HD 211810,1,1
HD 211970,1,1
HD 212301,2,1
HD 212771,1,1
HD 213240,2,1
HD 213472,1,1
HD 213519,1,1
HD 213885,1,2
HD 21411,1,1
HD 214823,2,1
HD 215152,1,4
HD 21520,1,1
HD 215497,1,2
HD 216435,1,1
HD 216437,1,1
HD 216520,1,2
HD 216536,1,1
HD 216770,1,1
HD 21693,1,2
HD 217107,1,2
HD 217786,2,2
HD 217958,1,1
HD 218566,1,1
HD 219077,1,1
HD 219134,1,6
HD 219139,1,1
HD 219415,1,1
HD 219666,1,1
HD 219828,1,2
HD 220074,1,1
HD 220197,1,1
HD 220689,1,1
HD 220773,1,1
HD 220842,2,1
HD 221287,1,1
HD 221416,1,1
HD 221420,1,1
HD 221585,1,1
HD 222076,1,1
HD 222155,1,1
HD 222582,2,1
HD 224538,1,1
HD 224693,1,1
HD 22496,1,1
HD 22532,1,1
HD 22781,1,1
HD 22946,1,3
HD 23079,1,1
HD 23127,1,1
HD 231701,1,1
HD 233604,1,1
HD 233832,2,1
HD 23472,1,5
HD 235088,1,1
HD 23596,2,1
HD 238090,1,1
HD 238914,1,1
HD 240210,1,1
HD 240237,1,1
HD 24040,1,2
HD 24064,1,1
HD 24085,1,1
HD 25015,1,1
HD 25171,2,1
HD 25463,1,2
HD 25723,1,1
HD 25912,1,2
HD 260655,1,2
HD 26161,1,1
HD 2638,3,1
HD 2685,1,1
HD 27442,2,1
HD 27631,1,1
HD 27894,1,3
HD 27969,1,1
HD 28109,1,3
HD 28185,1,2
HD 28192,1,1
HD 28254,2,1
HD 284149,2,1
HD 285507,1,1
HD 285968,1,1
HD 28678,1,1
HD 29021,1,1
HD 290327,1,1
HD 29399,1,1
HD 2952,1,1
HD 29985,1,1
HD 30177,1,2
HD 30562,1,1
HD 30669,1,1
HD 307842,1,1
HD 30856,2,1
HD 31253,1,1
HD 31527,1,3
HD 3167,1,4
HD 32518,1,1
HD 32963,1,1
HD 330075,1,1
HD 331093,1,1
HD 33142,1,3
HD 332231,1,1
HD 33283,2,1
HD 33564,1,1
HD 33844,1,2
HD 34445,1,6
HD 35759,1,1
HD 360,1,1
HD 36384,1,1
HD 3651,1,1
HD 37124,1,3
HD 37605,1,2
HD 3765,1,1
HD 38283,1,1
HD 38529,2,2
HD 38801,1,1
HD 39091,1,3
HD 39194,1,3
HD 39855,1,1
HD 40307,1,5
HD 40956,1,1
HD 40979,3,1
HD 41004,2,2
HD 4113,3,1
HD 42012,1,1
HD 4203,1,2
HD 4208,1,1
HD 42618,1,1
HD 42813,1,3
HD 4308,1,1
HD 4313,1,1
HD 43197,1,2
HD 43691,3,1
HD 44219,1,1
HD 45184,1,2
HD 45350,1,1
HD 45364,1,2
HD 45652,1,1
HD 457,1,1
HD 46375,2,1
HD 47186,1,2
HD 4732,2,2
HD 47366,1,2
HD 47536,1,1
HD 4760,1,1
HD 48265,1,1
HD 48948,1,3
HD 4917,1,1
HD 49674,1,1
HD 50499,1,2
HD 50554,1,1
HD 51608,1,2
HD 52265,1,1
HD 5278,1,2
HD 5319,1,2
HD 55696,1,1
HD 5583,1,1
HD 5608,2,1
HD 564,1,1
HD 56414,1,1
HD 56957,1,1
HD 5891,1,1
HD 59686,2,1
HD 60292,1,1
HD 60532,1,2
HD 6061,2,1
HD 62364,1,2
HD 62509,1,1
HD 62549,1,1
HD 63433,1,3
HD 63454,1,1
HD 63765,1,1
HD 63935,1,2
HD 64114,1,1
HD 64121,1,1
HD 6434,1,1
HD 65216,3,2
HD 66141,1,1
HD 66428,1,2
HD 67087,1,2
HD 6718,1,1
HD 68402,1,1
HD 6860,1,1
HD 68988,1,2
HD 69123,1,1
HD 69830,1,3
HD 70573,1,1
HD 70642,1,1
HD 7199,1,1
HD 72490,1,1
HD 72659,1,2
HD 72892,1,1
HD 73256,1,1
HD 73267,1,2
HD 73344,1,1
HD 73526,1,2
HD 73534,1,1
HD 73583,1,2
HD 74156,1,2
HD 7449,2,1
HD 74698,1,2
HD 75289,2,1
HD 75302,1,1
HD 75784,1,2
HD 75898,1,1
HD 76700,1,1
HD 76920,1,1
HD 77338,1,1
HD 77946,1,1
HD 79181,1,1
HD 7924,1,3
HD 79498,2,1
HD 80606,2,1
HD 80653,1,2
HD 80869,1,1
HD 80883,1,1
HD 80913,1,1
HD 81040,1,1
HD 81688,1,1
HD 81817,1,2
HD 82886,1,1
HD 82943,1,2
HD 8326,1,1
HD 83443,1,2
HD 8535,2,1
HD 85390,1,1
HD 8574,1,1
HD 86065,1,1
HD 86081,2,1
HD 86226,1,2
HD 86264,1,1
HD 8673,2,1
HD 86950,1,1
HD 87646,3,1
HD 87883,1,1
HD 88072,1,1
HD 88133,1,1
HD 88986,1,1
HD 89307,1,1
HD 89345,1,1
HD 89744,2,1
HD 89839,1,1
HD 90156,1,1
HD 9174,1,1
HD 92788,1,2
HD 93083,1,1
HD 93351,1,2
HD 93385,1,3
HD 93963,2,2
HD 9446,1,2
HD 94771,1,1
HD 94834,1,1
HD 95086,1,1
HD 95089,1,2
HD 95127,1,1
HD 95338,1,1
HD 95544,1,1
HD 95872,1,1
HD 96063,1,1
HD 96127,1,1
HD 96167,2,1
HD 96700,1,3
HD 96992,1,1
HD 97037,1,1
HD 97048,1,1
HD 97658,1,1
HD 98219,1,1
HD 98649,1,1
HD 98736,2,1
HD 99109,1,1
HD 99283,1,1
HD 99492,2,2
HD 99706,1,2
HIP 103768,1,1
HIP 104436,1,1
HIP 105854,1,1
HIP 107772,1,1
HIP 107773,1,1
HIP 109384,1,1
HIP 109600,2,1
HIP 113103,1,2
HIP 114933,1,1
HIP 116454,2,1
HIP 12961,1,1
HIP 13642 A,1,2
HIP 14810,1,3
HIP 15799,2,1
HIP 19976,1,1
HIP 21152,2,1
HIP 34222,1,1
HIP 35173,1,1
HIP 35965,1,1
HIP 38594,2,2
HIP 39017,1,1
HIP 41378,1,5
HIP 4845,1,1
HIP 48714,1,1
HIP 5158,1,2
HIP 54373,1,2
HIP 54597,1,1
HIP 55507,1,1
HIP 56640,1,1
HIP 57274,1,3
HIP 5763,1,1
HIP 62039,1,1
HIP 63242,1,1
HIP 64797 A,1,2
HIP 65,2,1
HIP 65407,1,2
HIP 65426,1,1
HIP 65891,1,1
HIP 66074,1,1
HIP 67522,1,1
HIP 67537,1,1
HIP 67851,1,2
HIP 70849,2,1
HIP 70950,1,1
HIP 71135,1,1
HIP 74890,1,1
HIP 75092,1,1
HIP 77358,1,2
HIP 77900,1,1
HIP 78530,1,1
HIP 79098,2,1
HIP 79431,1,1
HIP 81208,3,1
HIP 81375,1,1
HIP 8152,1,2
HIP 83020 A,1,3
HIP 84988,1,2
HIP 8541,2,2
HIP 86057,2,1
HIP 86221,1,1
HIP 90988,1,1
HIP 91258,1,1
HIP 94235,2,1
HIP 948,1,1
HIP 9618,1,2
HIP 97166,1,2
HIP 97233,1,1
HIP 99770,1,1
HN Lib,1,1
HN Peg,1,1
HR 2562,1,1
HR 5183,2,1
HR 810,1,1
HR 858,2,3
HR 8799,1,4
HS Psc,1,1
HU Aqr,2,2
IC 4651 9122,1,1
ITG 15,2,1
K2-10,1,1
K2-100,1,1
K2-101,1,1
K2-102,1,1
K2-104,1,1
K2-105,1,1
K2-107,1,1
K2-108,1,1
K2-11,1,1
K2-110,1,1
K2-111,1,2
K2-113,1,1
K2-114,1,1
K2-115,1,1
K2-116,1,1
K2-117,1,2
K2-118,1,1
K2-119,1,1
K2-12,1,1
K2-120,1,1
K2-121,1,1
K2-122,2,1
K2-123,1,1
K2-124,1,1
K2-125,1,1
K2-126,1,1
K2-127,1,1
K2-128,1,1
K2-129,1,1
K2-13,1,1
K2-130,1,1
K2-131,1,1
K2-132,1,1
K2-133,1,4
K2-136,2,3
K2-137,1,1
K2-138,1,6
K2-139,1,1
K2-14,1,1
K2-140,1,1
K2-141,1,2
K2-146,1,2
K2-147,1,1
K2-148,2,3
K2-149,1,1
K2-15,1,1
K2-150,1,1
K2-151,2,1
K2-152,1,1
K2-153,1,1
K2-154,1,2
K2-155,1,3
K2-156,1,1
K2-157,1,1
K2-158,1,2
K2-159,1,1
K2-16,1,3
K2-160,1,1
K2-161,1,1
K2-162,1,1
K2-163,1,1
K2-164,1,1
K2-165,1,3
K2-166,1,2
K2-167,1,1
K2-168,1,2
K2-169,1,1
K2-17,1,1
K2-170,1,2
K2-171,1,1
K2-172,1,2
K2-173,1,1
K2-174,1,1
K2-175,1,1
K2-176,1,1
K2-177,1,1
K2-178,1,1
K2-179,1,1
K2-18,1,2
K2-180,1,1
K2-181,1,1
K2-182,1,1
K2-183,1,3
K2-184,1,1
K2-185,1,2
K2-186,1,1
K2-187,1,4
K2-188,1,2
K2-189,1,2
K2-19,1,3
K2-190,1,2
K2-191,1,1
K2-192,1,1
K2-193,1,1
K2-194,1,1
K2-195,1,2
K2-196,1,1
K2-197,1,1
K2-198,1,3
K2-199,1,2
K2-200,1,1
K2-201,1,2
K2-2016-BLG-0005L,1,1
K2-202,1,1
K2-203,1,1
K2-204,1,1
K2-205,1,1
K2-206,1,1
K2-207,1,1
K2-208,1,1
K2-209,1,1
K2-21,1,2
K2-210,1,1
K2-211,1,1
K2-212,1,1
K2-213,1,1
K2-214,1,1
K2-215,1,1
K2-216,1,1
K2-217,1,1
K2-218,1,1
K2-219,1,3
K2-22,2,1
K2-220,1,1
K2-221,1,1
K2-222,1,1
K2-223,1,2
K2-224,1,2
K2-225,1,1
K2-226,1,1
K2-227,1,1
K2-228,1,1
K2-229,1,2
K2-230,1,1
K2-231,1,1
K2-232,1,1
K2-233,1,3
K2-237,1,1
K2-238,1,1
K2-239,1,3
K2-24,1,2
K2-240,1,2
K2-241,1,1
K2-242,1,1
K2-243,1,2
K2-244,1,1
K2-245,1,1
K2-246,1,1
K2-247,1,2
K2-248,1,1
K2-249,1,1
K2-25,1,1
K2-250,1,1
K2-251,1,1
K2-252,1,1
K2-253,1,1
K2-254,1,2
K2-255,1,1
K2-257,1,1
K2-258,1,1
K2-259,1,1
K2-26,1,1
K2-260,1,1
K2-261,1,1
K2-263,1,1
K2-264,1,2
K2-265,2,1
K2-266,2,4
K2-268,1,5
K2-269,1,1
K2-27,3,1
K2-270,1,2
K2-271,1,1
K2-272,1,1
K2-273,1,1
K2-274,1,1
K2-275,1,2
K2-276,1,1
K2-277,1,1
K2-278,1,1
K2-279,1,1
K2-28,1,1
K2-280,1,1
K2-281,1,1
K2-282,1,2
K2-283,1,1
K2-284,1,1
K2-285,1,4
K2-286,1,1
K2-287,1,1
K2-288,2,1
K2-289,1,1
K2-29,2,1
K2-290,3,2
K2-291,1,1
K2-292,1,1
K2-293,1,1
K2-294,1,1
K2-295,1,1
K2-3,1,3
K2-30,1,1
K2-308,1,1
K2-31,2,1
K2-315,1,1
K2-316,1,2
K2-317,1,1
K2-318,1,1
K2-319,1,1
K2-32,2,4
K2-320,1,1
K2-321,1,1
K2-322,1,1
K2-323,1,1
K2-324,1,1
K2-325,1,1
K2-326,1,1
K2-329,1,1
K2-33,1,1
K2-330,1,1
K2-331,1,2
K2-332,1,1
K2-333,1,1
K2-334,1,1
K2-335,1,1
K2-336,1,1
K2-337,1,1
K2-338,1,1
K2-339,1,1
K2-34,1,1
K2-340,1,1
K2-341,1,1
K2-342,1,1
K2-343,1,2
K2-344,1,1
K2-345,1,1
K2-346,1,1
K2-347,1,1
K2-348,1,2
K2-349,1,1
K2-35,1,2
K2-350,1,2
K2-351,1,1
K2-352,1,3
K2-353,1,1
K2-354,1,1
K2-355,1,1
K2-356,1,1
K2-357,1,1
K2-358,1,1
K2-36,1,2
K2-365,1,1
K2-366,1,1
K2-367,1,1
K2-368,1,3
K2-369,1,1
K2-37,1,3
K2-370,1,1
K2-371,1,1
K2-372,1,1
K2-373,1,1
K2-374,1,2
K2-375,1,1
K2-376,1,1
K2-377,1,1
K2-378,1,1
K2-379,1,1
K2-38,1,2
K2-380,1,1
K2-381,1,3
K2-382,1,1
K2-383,1,1
K2-384,1,5
K2-385,1,1
K2-386,1,1
K2-387,1,1
K2-388,1,1
K2-389,1,2
K2-39,1,1
K2-390,1,1
K2-391,1,1
K2-392,1,1
K2-393,1,1
K2-394,1,1
K2-395,1,2
K2-396,1,2
K2-397,1,1
K2-398,1,2
K2-4,1,1
K2-400,1,1
K2-401,1,1
K2-402,1,1
K2-403,1,1
K2-404,1,1
K2-405,1,1
K2-406,1,1
K2-407,1,2
K2-408,1,1
K2-409,1,1
K2-411,1,1
K2-412,1,1
K2-413,1,2
K2-414,1,2
K2-415,1,1
K2-416,1,1
K2-417,1,1
K2-419,2,1
K2-42,1,1
K2-43,1,2
K2-44,1,1
K2-45,1,1
K2-46,1,1
K2-47,1,1
K2-48,1,1
K2-49,1,1
K2-5,1,2
K2-50,1,2
K2-52,1,1
K2-53,1,1
K2-54,1,1
K2-55,1,1
K2-57,1,1
K2-58,1,3
K2-59,1,2
K2-6,1,1
K2-60,1,1
K2-61,1,1
K2-62,1,2
K2-63,1,2
K2-64,1,1
K2-65,1,1
K2-66,1,1
K2-68,1,1
K2-69,1,1
K2-7,1,1
K2-70,1,1
K2-71,1,1
K2-72,1,4
K2-73,1,1
K2-74,1,1
K2-75,1,2
K2-77,1,1
K2-79,1,1
K2-8,1,2
K2-80,1,3
K2-81,1,1
K2-83,1,2
K2-84,1,2
K2-85,1,1
K2-86,1,1
K2-87,1,1
K2-88,1,1
K2-89,1,1
K2-9,1,1
K2-90,1,2
K2-91,1,1
K2-95,1,1
K2-97,1,1
K2-98,1,1
K2-99,1,1
KELT-1,1,1
KELT-10,1,1
KELT-11,1,1
KELT-12,1,1
KELT-14,1,1
KELT-15,2,1
KELT-16,2,1
KELT-17,1,1
KELT-18,2,1
KELT-19,2,1
KELT-2,2,1
KELT-20,1,1
KELT-21,1,1
KELT-23,2,1
KELT-24,2,1
KELT-3,2,1
KELT-4,3,1
KELT-6,1,2
KELT-7,1,1
KELT-8,1,1
KELT-9,2,1
KIC 10001893,1,3
KIC 10068024,1,1
KIC 10525077,1,1
KIC 3526061,1,1
KIC 3558849,1,1
KIC 5437945,1,2
KIC 5479689,1,1
KIC 7917485,1,1
KIC 8121913,1,1
KIC 9663113,1,2
KMT-2016-BLG-0212L,1,1
KMT-2016-BLG-1105L,1,1
KMT-2016-BLG-1107L,1,1
KMT-2016-BLG-1397L,1,1
KMT-2016-BLG-1820L,1,1
KMT-2016-BLG-1836L,1,1
KMT-2016-BLG-2142L,1,1
KMT-2016-BLG-2364L,1,1
KMT-2016-BLG-2397L,1,1
KMT-2016-BLG-2605L,1,1
KMT-2017-BLG-0165L,1,1
KMT-2017-BLG-0428L,1,1
KMT-2017-BLG-0673L,1,1
KMT-2017-BLG-1003L,1,1
KMT-2017-BLG-1038L,1,1
KMT-2017-BLG-1146L,1,1
KMT-2017-BLG-1194L,1,1
KMT-2017-BLG-2509L,1,1
KMT-2018-BLG-0029L,1,1
KMT-2018-BLG-0030L,1,1
KMT-2018-BLG-0087L,1,1
KMT-2018-BLG-0247L,1,1
KMT-2018-BLG-0748L,1,1
KMT-2018-BLG-0885L,1,1
KMT-2018-BLG-1025L,1,1
KMT-2018-BLG-1292L,1,1
KMT-2018-BLG-1743L,1,1
KMT-2018-BLG-1976L,1,1
KMT-2018-BLG-1988L,1,1
KMT-2018-BLG-1990L,1,1
KMT-2018-BLG-1996L,1,1
KMT-2018-BLG-2602L,1,1
KMT-2019-BLG-0253L,1,1
KMT-2019-BLG-0297L,1,1
KMT-2019-BLG-0298L,1,1
KMT-2019-BLG-0335L,1,1
KMT-2019-BLG-0371L,1,1
KMT-2019-BLG-0414L,1,1
KMT-2019-BLG-0842L,1,1
KMT-2019-BLG-0953L,1,1
KMT-2019-BLG-1042L,1,1
KMT-2019-BLG-1216L,1,1
KMT-2019-BLG-1339L,1,1
KMT-2019-BLG-1367L,1,1
KMT-2019-BLG-1552L,1,1
KMT-2019-BLG-1715L,1,1
KMT-2019-BLG-1806L,1,1
KMT-2019-BLG-1953L,1,1
KMT-2019-BLG-2783L,1,1
KMT-2019-BLG-2974L,1,1
KMT-2020-BLG-0414L,1,2
KMT-2021-BLG-0119L,1,1
KMT-2021-BLG-0171L,1,1
KMT-2021-BLG-0192L,1,1
KMT-2021-BLG-0240L,1,1
KMT-2021-BLG-0320L,1,1
KMT-2021-BLG-0322L,2,1
KMT-2021-BLG-0712L,1,1
KMT-2021-BLG-0748L,1,1
KMT-2021-BLG-0909L,1,1
KMT-2021-BLG-0912L,1,1
KMT-2021-BLG-1077L,1,2
KMT-2021-BLG-1105L,1,1
KMT-2021-BLG-1150L,1,1
KMT-2021-BLG-1253L,1,1
KMT-2021-BLG-1303L,1,1
KMT-2021-BLG-1372L,1,1
KMT-2021-BLG-1391L,1,1
KMT-2021-BLG-1547L,1,1
KMT-2021-BLG-1554L,1,1
KMT-2021-BLG-1689L,1,1
KMT-2021-BLG-1770L,1,1
KMT-2021-BLG-1898L,1,1
KMT-2021-BLG-2010L,1,1
KMT-2021-BLG-2294L,1,1
KMT-2021-BLG-2478L,1,1
KMT-2022-BLG-0371L,1,1
KMT-2022-BLG-0440L,1,1
KMT-2022-BLG-1013L,1,1
KMT-2023-BLG-0416L,1,1
KMT-2023-BLG-0469L,1,1
KMT-2023-BLG-0735L,1,1
KMT-2023-BLG-1431L,1,1
KMT-2023-BLG-1454L,1,1
KMT-2023-BLG-1642L,1,1
KOI-12,1,2
KOI-1257,2,1
KOI-13,3,1
KOI-142,1,3
KOI-1599,1,2
KOI-1783,1,2
KOI-217,1,1
KOI-2513,1,1
KOI-3503,1,2
KOI-351,1,8
KOI-3680,1,1
KOI-4777,1,1
KOI-55,1,2
KOI-7368,1,1
KOI-7892,1,3
KOI-7913,2,1
KOI-94,2,4
KOI-984,1,2
KPS-1,1,1
Kapteyn,1,1
Kepler-10,1,3
Kepler-100,1,4
Kepler-1000,1,1
Kepler-1001,1,2
Kepler-1002,1,1
Kepler-1003,1,1
Kepler-1004,1,1
Kepler-1005,1,1
Kepler-1006,1,1
Kepler-1007,1,1
Kepler-1008,2,1
Kepler-1009,1,1
Kepler-101,1,2
Kepler-1010,1,1
Kepler-1011,1,1
Kepler-1012,1,1
Kepler-1013,1,1
Kepler-1014,1,1
Kepler-1015,1,1
Kepler-1016,1,2
Kepler-1017,1,1
Kepler-1018,1,1
Kepler-1019,1,1
Kepler-102,1,5
Kepler-1020,1,1
Kepler-1021,1,1
Kepler-1022,1,1
Kepler-1023,1,1
Kepler-1024,1,1
Kepler-1025,1,1
Kepler-1026,1,1
Kepler-1027,2,1
Kepler-1028,1,1
Kepler-1029,1,1
Kepler-103,1,2
Kepler-1030,1,1
Kepler-1031,1,1
Kepler-1032,1,1
Kepler-1033,1,1
Kepler-1034,1,1
Kepler-1035,1,1
Kepler-1036,1,1
Kepler-1037,1,1
Kepler-1038,1,2
Kepler-1039,1,1
Kepler-104,2,3
Kepler-1040,1,1
Kepler-1041,1,1
Kepler-1042,1,1
Kepler-1043,1,1
Kepler-1044,1,1
Kepler-1045,1,1
Kepler-1046,1,1
Kepler-1047,1,2
Kepler-1048,1,1
Kepler-1049,1,1
Kepler-105,1,2
Kepler-1050,1,2
Kepler-1051,1,1
Kepler-1052,1,2
Kepler-1053,1,1
Kepler-1054,1,1
Kepler-1055,1,1
Kepler-1056,1,1
Kepler-1057,1,1
Kepler-1058,1,1
Kepler-1059,1,1
Kepler-106,1,4
Kepler-1060,1,1
Kepler-1061,1,1
Kepler-1062,1,1
Kepler-1063,2,1
Kepler-1064,1,1
Kepler-1065,1,2
Kepler-1066,1,1
Kepler-1067,1,2
Kepler-1068,1,1
Kepler-1069,1,1
Kepler-107,1,4
Kepler-1070,1,1
Kepler-1071,1,1
Kepler-1072,1,1
Kepler-1073,1,3
Kepler-1074,1,1
Kepler-1075,1,1
Kepler-1076,1,1
Kepler-1077,1,1
Kepler-1078,1,1
Kepler-1079,1,1
Kepler-108,2,2
Kepler-1080,1,1
Kepler-1081,1,1
Kepler-1082,1,1
Kepler-1083,1,1
Kepler-1084,1,1
Kepler-1085,1,2
Kepler-1086,2,2
Kepler-1087,1,1
Kepler-1088,1,1
Kepler-1089,1,1
Kepler-109,1,2
Kepler-1090,1,2
Kepler-1091,1,1
Kepler-1092,1,1
Kepler-1093,1,2
Kepler-1094,1,1
Kepler-1095,1,1
Kepler-1096,1,1
Kepler-1097,1,1
Kepler-1098,1,1
Kepler-1099,1,1
Kepler-11,1,6
Kepler-110,1,2
Kepler-1100,1,1
Kepler-1101,1,1
Kepler-1102,1,1
Kepler-1103,1,1
Kepler-1104,1,1
Kepler-1105,1,1
Kepler-1106,1,1
Kepler-1107,1,1
Kepler-1108,1,1
Kepler-1109,1,1
Kepler-111,1,2
Kepler-1110,1,1
Kepler-1111,1,1
Kepler-1112,1,1
Kepler-1113,1,1
Kepler-1114,1,1
Kepler-1115,1,1
Kepler-1116,1,1
Kepler-1117,1,1
Kepler-1118,1,1
Kepler-1119,1,1
Kepler-112,1,2
Kepler-1120,1,1
Kepler-1121,1,1
Kepler-1122,1,1
Kepler-1123,1,1
Kepler-1124,1,1
Kepler-1125,1,1
Kepler-1126,1,2
Kepler-1127,1,1
Kepler-1128,1,1
Kepler-1129,1,2
Kepler-113,1,2
Kepler-1130,2,3
Kepler-1131,1,1
Kepler-1132,1,1
Kepler-1133,1,1
Kepler-1134,1,1
Kepler-1135,1,1
Kepler-1136,1,1
Kepler-1137,1,1
Kepler-1138,1,1
Kepler-1139,1,1
Kepler-114,1,3
Kepler-1140,1,1
Kepler-1141,1,1
Kepler-1142,1,1
Kepler-1143,1,2
Kepler-1144,1,1
Kepler-1145,1,1
Kepler-1146,1,1
Kepler-1147,1,1
Kepler-1148,1,1
Kepler-1149,1,1
Kepler-115,1,2
Kepler-1150,2,1
Kepler-1151,1,1
Kepler-1152,1,1
Kepler-1153,1,1
Kepler-1154,1,2
Kepler-1155,1,1
Kepler-1156,1,1
Kepler-1157,1,1
Kepler-1158,1,1
Kepler-1159,1,1
Kepler-116,1,2
Kepler-1160,1,1
Kepler-1161,1,1
Kepler-1162,1,2
Kepler-1163,1,1
Kepler-1164,1,1
Kepler-1165,1,2
Kepler-1166,1,1
Kepler-1167,1,1
Kepler-1168,1,1
Kepler-1169,1,1
Kepler-117,1,2
Kepler-1170,1,1
Kepler-1171,1,1
Kepler-1172,1,1
Kepler-1173,1,1
Kepler-1174,1,1
Kepler-1175,1,1
Kepler-1176,1,1
Kepler-1177,1,1
Kepler-1178,1,1
Kepler-1179,1,1
Kepler-118,1,2
Kepler-1180,1,1
Kepler-1181,1,2
Kepler-1182,1,1
Kepler-1183,1,1
Kepler-1184,1,1
Kepler-1185,1,1
Kepler-1186,1,1
Kepler-1187,1,1
Kepler-1188,1,1
Kepler-1189,1,1
Kepler-119,1,2
Kepler-1190,1,1
Kepler-1191,1,1
Kepler-1192,1,1
Kepler-1193,1,1
Kepler-1194,1,1
Kepler-1195,1,1
Kepler-1196,1,1
Kepler-1197,1,1
Kepler-1198,1,1
Kepler-1199,1,1
Kepler-12,1,1
Kepler-120,1,2
Kepler-1200,1,1
Kepler-1201,1,1
Kepler-1202,1,1
Kepler-1203,1,1
Kepler-1204,1,1
Kepler-1205,1,1
Kepler-1206,1,1
Kepler-1207,1,1
Kepler-1208,1,1
Kepler-1209,1,1
Kepler-121,1,2
Kepler-1210,1,1
Kepler-1211,1,1
Kepler-1212,1,1
Kepler-1213,1,1
Kepler-1214,1,1
Kepler-1215,1,1
Kepler-1216,1,1
Kepler-1217,1,1
Kepler-1218,1,1
Kepler-1219,1,1
Kepler-122,1,5
Kepler-1220,1,1
Kepler-1221,1,1
Kepler-1222,1,1
Kepler-1223,1,1
Kepler-1224,1,1
Kepler-1225,1,1
Kepler-1226,1,1
Kepler-1227,1,1
Kepler-1228,1,1
Kepler-1229,1,1
Kepler-123,1,2
Kepler-1230,1,1
Kepler-1231,1,1
Kepler-1232,1,1
Kepler-1233,1,1
Kepler-1234,1,1
Kepler-1235,1,1
Kepler-1236,1,1
Kepler-1237,1,1
Kepler-1238,1,1
Kepler-1239,1,1
Kepler-124,1,3
Kepler-1240,1,1
Kepler-1241,1,1
Kepler-1242,1,1
Kepler-1243,1,1
Kepler-1244,1,1
Kepler-1245,1,2
Kepler-1246,1,1
Kepler-1247,1,1
Kepler-1248,1,1
Kepler-1249,1,1
Kepler-125,1,2
Kepler-1250,1,1
Kepler-1251,1,1
Kepler-1252,1,1
Kepler-1253,1,1
Kepler-1254,1,3
Kepler-1255,1,1
Kepler-1256,1,1
Kepler-1257,1,1
Kepler-1258,1,1
Kepler-1259,1,1
Kepler-126,1,3
Kepler-1260,1,1
Kepler-1261,1,1
Kepler-1262,1,1
Kepler-1263,1,1
Kepler-1264,1,1
Kepler-1265,1,1
Kepler-1266,1,2
Kepler-1267,1,1
Kepler-1268,1,1
Kepler-1269,1,1
Kepler-127,1,3
Kepler-1270,1,1
Kepler-1271,1,1
Kepler-1272,1,1
Kepler-1273,1,1
Kepler-1274,1,1
Kepler-1275,1,1
Kepler-1276,1,1
Kepler-1277,1,1
Kepler-1278,1,1
Kepler-1279,1,1
Kepler-128,1,2
Kepler-1280,1,1
Kepler-1281,1,1
Kepler-1282,1,1
Kepler-1283,1,1
Kepler-1284,1,1
Kepler-1285,1,1
Kepler-1286,1,1
Kepler-1287,1,1
Kepler-1288,1,1
Kepler-1289,1,1
Kepler-129,1,3
Kepler-1290,1,1
Kepler-1291,1,1
Kepler-1292,1,1
Kepler-1293,1,1
Kepler-1294,1,1
Kepler-1295,1,1
Kepler-1296,1,1
Kepler-1297,1,1
Kepler-1298,1,1
Kepler-1299,1,1
Kepler-130,2,3
Kepler-1300,1,1
Kepler-1301,1,1
Kepler-1302,1,1
Kepler-1303,1,1
Kepler-1304,1,1
Kepler-1305,1,1
Kepler-1306,1,1
Kepler-1307,1,1
Kepler-1308,1,1
Kepler-1309,1,1
Kepler-131,1,2
Kepler-1310,1,1
Kepler-1311,1,3
Kepler-1312,1,2
Kepler-1313,1,1
Kepler-1314,1,1
Kepler-1315,1,2
Kepler-1316,1,1
Kepler-1317,1,1
Kepler-1318,1,1
Kepler-1319,2,1
Kepler-132,2,4
Kepler-1320,1,1
Kepler-1321,1,3
Kepler-1322,1,2
Kepler-1323,1,1
Kepler-1324,1,1
Kepler-1325,1,1
Kepler-1326,1,1
Kepler-1327,1,1
Kepler-1328,1,1
Kepler-1329,1,1
Kepler-133,1,2
Kepler-1330,1,1
Kepler-1331,1,1
Kepler-1332,1,1
Kepler-1333,1,1
Kepler-1334,1,1
Kepler-1335,1,1
Kepler-1336,1,2
Kepler-1337,1,1
Kepler-1338,1,1
Kepler-1339,1,1
Kepler-134,1,2
Kepler-1340,1,1
Kepler-1341,2,1
Kepler-1342,1,1
Kepler-1343,1,1
Kepler-1344,1,1
Kepler-1345,1,1
Kepler-1346,1,1
Kepler-1347,1,1
Kepler-1348,1,1
Kepler-1349,1,1
Kepler-135,1,2
Kepler-1350,1,2
Kepler-1351,1,1
Kepler-1352,1,1
Kepler-1353,1,1
Kepler-1354,1,1
Kepler-1355,1,1
Kepler-1356,1,1
Kepler-1357,1,1
Kepler-1358,1,1
Kepler-1359,1,1
Kepler-136,2,2
Kepler-1360,1,1
Kepler-1361,1,1
Kepler-1362,1,1
Kepler-1363,1,1
Kepler-1364,1,1
Kepler-1365,1,2
Kepler-1366,1,1
Kepler-1367,1,1
Kepler-1368,1,1
Kepler-1369,1,1
Kepler-137,1,2
Kepler-1370,1,2
Kepler-1371,1,2
Kepler-1372,1,1
Kepler-1373,1,1
Kepler-1374,1,1
Kepler-1375,1,1
Kepler-1376,1,1
Kepler-1377,1,1
Kepler-1378,1,1
Kepler-1379,1,1
Kepler-138,1,4
Kepler-1380,1,1
Kepler-1381,1,1
Kepler-1382,1,1
Kepler-1383,1,1
Kepler-1384,1,1
Kepler-1385,1,1
Kepler-1386,1,1
Kepler-1387,1,1
Kepler-1388,1,4
Kepler-1389,1,1
Kepler-139,1,4
Kepler-1390,1,1
Kepler-1391,1,1
Kepler-1392,1,1
Kepler-1393,1,1
Kepler-1394,1,1
Kepler-1395,1,1
Kepler-1396,1,1
Kepler-1397,1,1
Kepler-1398,1,2
Kepler-1399,1,1
Kepler-14,2,1
Kepler-140,1,2
Kepler-1400,1,1
Kepler-1401,1,1
Kepler-1402,1,1
Kepler-1403,1,1
Kepler-1404,1,1
Kepler-1405,1,1
Kepler-1406,1,1
Kepler-1407,1,1
Kepler-1408,1,1
Kepler-1409,1,1
Kepler-141,1,2
Kepler-1410,1,1
Kepler-1411,1,1
Kepler-1412,1,1
Kepler-1413,1,1
Kepler-1414,1,1
Kepler-1415,1,1
Kepler-1416,1,1
Kepler-1417,1,1
Kepler-1418,1,1
Kepler-1419,1,1
Kepler-142,1,3
Kepler-1420,1,1
Kepler-1421,1,1
Kepler-1422,1,1
Kepler-1423,1,1
Kepler-1424,1,1
Kepler-1425,1,1
Kepler-1426,1,1
Kepler-1427,1,1
Kepler-1428,1,1
Kepler-1429,1,1
Kepler-143,1,2
Kepler-1430,1,1
Kepler-1431,1,1
Kepler-1432,1,1
Kepler-1433,1,1
Kepler-1434,1,1
Kepler-1435,1,1
Kepler-1436,1,1
Kepler-1437,1,1
Kepler-1438,1,1
Kepler-1439,1,1
Kepler-144,1,2
Kepler-1440,1,1
Kepler-1441,1,1
Kepler-1442,1,1
Kepler-1443,1,1
Kepler-1444,1,1
Kepler-1445,1,1
Kepler-1446,1,1
Kepler-1447,1,1
Kepler-1448,1,1
Kepler-1449,1,1
Kepler-145,1,2
Kepler-1450,1,1
Kepler-1451,1,1
Kepler-1452,1,1
Kepler-1453,1,1
Kepler-1454,1,1
Kepler-1455,1,1
Kepler-1456,1,1
Kepler-1457,1,1
Kepler-1458,1,1
Kepler-1459,1,1
Kepler-146,1,2
Kepler-1460,1,1
Kepler-1461,1,1
Kepler-1462,1,1
Kepler-1463,1,1
Kepler-1464,1,2
Kepler-1465,1,1
Kepler-1466,1,1
Kepler-1467,1,1
Kepler-1468,1,3
Kepler-1469,1,1
Kepler-147,1,2
Kepler-1470,1,1
Kepler-1471,1,2
Kepler-1472,1,1
Kepler-1473,1,1
Kepler-1474,1,1
Kepler-1475,1,1
Kepler-1476,1,1
Kepler-1477,1,1
Kepler-1478,1,1
Kepler-1479,1,1
Kepler-148,1,3
Kepler-1480,2,1
Kepler-1481,1,1
Kepler-1482,1,1
Kepler-1483,1,1
Kepler-1484,1,1
Kepler-1485,1,1
Kepler-1486,1,1
Kepler-1487,1,2
Kepler-1488,1,2
Kepler-1489,1,1
Kepler-149,1,3
Kepler-1490,1,1
Kepler-1491,1,2
Kepler-1492,1,1
Kepler-1493,1,1
Kepler-1494,1,1
Kepler-1495,1,1
Kepler-1496,1,1
Kepler-1497,1,1
Kepler-1498,1,1
Kepler-1499,1,1
Kepler-15,1,1
Kepler-150,1,5
Kepler-1500,1,1
Kepler-1501,1,1
Kepler-1502,1,1
Kepler-1503,1,1
Kepler-1504,1,1
Kepler-1505,1,1
Kepler-1506,1,1
Kepler-1507,1,1
Kepler-1508,1,1
Kepler-1509,1,1
Kepler-151,1,2
Kepler-1510,1,1
Kepler-1511,1,1
Kepler-1512,1,1
Kepler-1513,1,2
Kepler-1514,1,2
Kepler-1515,1,1
Kepler-1516,1,1
Kepler-1517,1,1
Kepler-1518,1,2
Kepler-1519,1,1
Kepler-152,1,2
Kepler-1520,1,1
Kepler-1521,1,1
Kepler-1522,1,1
Kepler-1523,1,1
Kepler-1524,1,1
Kepler-1525,1,1
Kepler-1526,1,1
Kepler-1527,1,1
Kepler-1528,1,1
Kepler-1529,1,1
Kepler-153,1,2
Kepler-1530,1,3
Kepler-1531,1,1
Kepler-1532,1,1
Kepler-1533,1,1
Kepler-1534,1,1
Kepler-1535,1,1
Kepler-1536,1,1
Kepler-1537,1,1
Kepler-1538,1,1
Kepler-1539,1,1
Kepler-154,1,5
Kepler-1540,2,1
Kepler-1541,1,1
Kepler-1542,1,4
Kepler-1543,1,1
Kepler-1544,1,1
Kepler-1545,1,1
Kepler-1546,1,1
Kepler-1547,1,1
Kepler-1548,1,1
Kepler-1549,1,1
Kepler-155,1,2
Kepler-1550,1,1
Kepler-1551,1,1
Kepler-1552,1,1
Kepler-1553,1,1
Kepler-1554,1,1
Kepler-1555,1,1
Kepler-1556,1,1
Kepler-1557,1,1
Kepler-1558,1,1
Kepler-1559,1,1
Kepler-156,1,2
Kepler-1560,1,1
Kepler-1561,1,1
Kepler-1562,1,1
Kepler-1563,1,1
Kepler-1564,1,1
Kepler-1565,1,1
Kepler-1566,1,1
Kepler-1567,1,1
Kepler-1568,1,1
Kepler-1569,1,1
Kepler-157,1,3
Kepler-1570,1,1
Kepler-1571,1,1
Kepler-1572,1,1
Kepler-1573,1,1
Kepler-1574,1,1
Kepler-1575,1,1
Kepler-1576,1,1
Kepler-1577,1,1
Kepler-1578,1,1
Kepler-1579,1,1
Kepler-158,1,2
Kepler-1580,1,1
Kepler-1581,1,1
Kepler-1582,1,1
Kepler-1583,1,1
Kepler-1584,1,1
Kepler-1585,1,1
Kepler-1586,1,1
Kepler-1587,1,1
Kepler-1588,1,1
Kepler-1589,1,1
Kepler-159,1,2
Kepler-1590,1,1
Kepler-1591,1,1
Kepler-1592,1,1
Kepler-1593,1,1
Kepler-1594,1,1
Kepler-1595,1,1
Kepler-1596,1,1
Kepler-1597,1,1
Kepler-1598,1,1
Kepler-1599,1,1
Kepler-16,2,1
Kepler-160,1,3
Kepler-1600,1,2
Kepler-1601,1,1
Kepler-1602,1,1
Kepler-1603,1,1
Kepler-1604,1,1
Kepler-1605,1,1
Kepler-1606,1,1
Kepler-1607,1,1
Kepler-1608,1,1
Kepler-1609,1,1
Kepler-161,1,2
Kepler-1610,1,2
Kepler-1611,1,1
Kepler-1612,1,1
Kepler-1613,1,1
Kepler-1614,1,1
Kepler-1615,1,1
Kepler-1616,1,1
Kepler-1617,1,1
Kepler-1618,1,1
Kepler-1619,1,1
Kepler-162,1,2
Kepler-1620,1,1
Kepler-1621,1,1
Kepler-1622,1,1
Kepler-1623,1,1
Kepler-1624,1,1
Kepler-1625,1,1
Kepler-1626,1,1
Kepler-1627,1,1
Kepler-1628,1,1
Kepler-1629,1,1
Kepler-163,1,2
Kepler-1630,1,1
Kepler-1631,1,1
Kepler-1632,1,1
Kepler-1633,1,1
Kepler-1634,1,1
Kepler-1635,1,1
Kepler-1636,1,1
Kepler-1637,1,1
Kepler-1638,1,1
Kepler-1639,1,1
Kepler-164,1,4
Kepler-1640,1,1
Kepler-1641,1,2
Kepler-1642,1,2
Kepler-1643,1,1
Kepler-1644,1,1
Kepler-1645,1,1
Kepler-1646,1,1
Kepler-1647,2,1
Kepler-1649,1,2
Kepler-165,1,2
Kepler-1650,1,1
Kepler-1651,2,1
Kepler-1652,1,1
Kepler-1653,1,1
Kepler-1654,1,1
Kepler-1655,1,1
Kepler-1656,1,2
Kepler-1658,1,1
Kepler-166,1,3
Kepler-1660,2,1
Kepler-1661,2,1
Kepler-1663,1,1
Kepler-1664,1,1
Kepler-1665,1,1
Kepler-1666,1,2
Kepler-1667,1,1
Kepler-1668,1,1
Kepler-1669,1,3
Kepler-167,2,4
Kepler-1670,1,1
Kepler-1671,1,1
Kepler-1672,1,1
Kepler-1673,1,1
Kepler-1674,1,1
Kepler-1675,1,1
Kepler-1676,1,1
Kepler-1677,1,1
Kepler-1678,1,1
Kepler-1679,1,1
Kepler-168,1,2
Kepler-1680,1,1
Kepler-1681,1,1
Kepler-1682,1,1
Kepler-1683,1,1
Kepler-1684,1,1
Kepler-1685,1,1
Kepler-1686,1,1
Kepler-1687,1,1
Kepler-1688,1,1
Kepler-1689,1,1
Kepler-169,1,5
Kepler-1690,1,1
Kepler-1691,1,1
Kepler-1692,1,1
Kepler-1693,1,2
Kepler-1694,1,1
Kepler-1695,1,1
Kepler-1696,1,1
Kepler-1697,1,1
Kepler-1698,1,1
Kepler-1699,1,1
Kepler-17,1,1
Kepler-170,1,2
Kepler-1700,1,1
Kepler-1701,1,1
Kepler-1702,1,1
Kepler-1704,1,1
Kepler-1705,1,2
Kepler-1708,1,1
Kepler-1709,1,1
Kepler-171,1,3
Kepler-1710,1,1
Kepler-1711,1,1
Kepler-1712,1,1
Kepler-1713,1,1
Kepler-1714,1,1
Kepler-1715,1,1
Kepler-1716,1,1
Kepler-1717,1,1
Kepler-1718,1,1
Kepler-1719,1,1
Kepler-172,1,4
Kepler-1720,1,1
Kepler-1721,1,1
Kepler-1722,1,1
Kepler-1723,1,1
Kepler-1724,1,1
Kepler-1725,1,1
Kepler-1726,1,1
Kepler-1727,1,1
Kepler-1728,1,1
Kepler-1729,1,1
Kepler-173,1,2
Kepler-1730,1,1
Kepler-1731,1,1
Kepler-1732,1,1
Kepler-1733,1,1
Kepler-1734,1,1
Kepler-1735,1,1
Kepler-1736,1,1
Kepler-1737,1,1
Kepler-1738,1,1
Kepler-1739,1,1
Kepler-174,1,3
Kepler-1740,1,1
Kepler-1741,1,1
Kepler-1742,1,1
Kepler-1743,1,1
Kepler-1744,1,1
Kepler-1745,1,1
Kepler-1746,1,1
Kepler-1747,1,1
Kepler-1748,1,1
Kepler-1749,1,1
Kepler-175,1,2
Kepler-1750,1,1
Kepler-1751,1,1
Kepler-1752,1,1
Kepler-1753,1,1
Kepler-1754,1,1
Kepler-1755,1,1
Kepler-1756,1,1
Kepler-1757,1,1
Kepler-1758,1,1
Kepler-1759,1,1
Kepler-176,1,4
Kepler-1760,1,1
Kepler-1761,1,1
Kepler-1762,1,1
Kepler-1763,1,1
Kepler-1764,1,1
Kepler-1765,1,1
Kepler-1766,1,1
Kepler-1767,1,1
Kepler-1768,1,1
Kepler-1769,1,1
Kepler-177,1,2
Kepler-1770,1,1
Kepler-1771,1,1
Kepler-1772,1,1
Kepler-1773,1,1
Kepler-1774,1,1
Kepler-1775,1,1
Kepler-1776,1,1
Kepler-1777,1,1
Kepler-1778,1,1
Kepler-1779,1,1
Kepler-178,1,3
Kepler-1780,1,1
Kepler-1781,1,1
Kepler-1782,1,1
Kepler-1783,1,1
Kepler-1784,1,1
Kepler-1785,1,1
Kepler-1786,1,1
Kepler-1787,1,1
Kepler-1788,1,1
Kepler-1789,1,1
Kepler-179,1,2
Kepler-1790,1,1
Kepler-1791,1,1
Kepler-1792,1,1
Kepler-1793,1,1
Kepler-1794,1,1
Kepler-1795,1,1
Kepler-1796,1,1
Kepler-1797,1,1
Kepler-1798,1,1
Kepler-1799,1,1
Kepler-18,1,3
Kepler-180,1,2
Kepler-1800,1,1
Kepler-1801,1,2
Kepler-1802,1,2
Kepler-1804,1,1
Kepler-1805,1,1
Kepler-1806,1,1
Kepler-1807,1,1
Kepler-1808,1,1
Kepler-1809,1,1
Kepler-181,1,2
Kepler-1810,1,1
Kepler-1811,1,1
Kepler-1812,1,1
Kepler-1813,1,1
Kepler-1814,1,2
Kepler-1815,1,1
Kepler-1816,1,1
Kepler-1817,1,1
Kepler-1818,1,1
Kepler-1819,1,1
Kepler-182,1,2
Kepler-1820,1,1
Kepler-1821,1,1
Kepler-1822,1,1
Kepler-1823,1,1
Kepler-1824,1,1
Kepler-1825,1,1
Kepler-1826,1,1
Kepler-1827,1,1
Kepler-1828,1,1
Kepler-1829,1,1
Kepler-183,1,2
Kepler-1830,1,1
Kepler-1831,1,1
Kepler-1832,1,1
Kepler-1833,1,1
Kepler-1834,1,2
Kepler-1835,1,1
Kepler-1836,1,1
Kepler-1837,1,1
Kepler-1838,1,1
Kepler-1839,1,1
Kepler-184,1,3
Kepler-1840,1,1
Kepler-1841,1,1
Kepler-1842,1,1
Kepler-1843,1,1
Kepler-1844,1,1
Kepler-1845,1,1
Kepler-1846,1,1
Kepler-1847,1,1
Kepler-1848,1,1
Kepler-1849,1,1
Kepler-185,1,2
Kepler-1850,1,1
Kepler-1851,1,1
Kepler-1852,1,1
Kepler-1853,1,1
Kepler-1854,1,1
Kepler-1855,1,1
Kepler-1856,1,1
Kepler-1857,1,1
Kepler-1858,1,1
Kepler-1859,1,2
Kepler-186,1,5
Kepler-1860,1,1
Kepler-1861,1,1
Kepler-1862,1,1
Kepler-1863,1,1
Kepler-1864,1,1
Kepler-1865,1,1
Kepler-1866,1,1
Kepler-1867,1,1
Kepler-1868,1,1
Kepler-1869,1,2
Kepler-187,1,2
Kepler-1870,1,1
Kepler-1871,1,1
Kepler-1872,1,1
Kepler-1873,1,1
Kepler-1874,1,1
Kepler-1875,1,1
Kepler-1876,1,1
Kepler-1877,1,1
Kepler-1878,1,1
Kepler-1879,1,1
Kepler-188,1,2
Kepler-1880,1,1
Kepler-1881,1,1
Kepler-1882,1,1
Kepler-1883,1,1
Kepler-1884,1,1
Kepler-1885,1,1
Kepler-1886,1,1
Kepler-1887,1,1
Kepler-1888,1,1
Kepler-1889,1,1
Kepler-189,1,2
Kepler-1890,1,1
Kepler-1891,1,1
Kepler-1892,1,1
Kepler-1893,1,1
Kepler-1894,1,2
Kepler-1895,1,1
Kepler-1896,1,1
Kepler-1897,1,1
Kepler-1898,1,1
Kepler-1899,1,1
Kepler-19,1,3
Kepler-190,1,2
Kepler-1900,1,1
Kepler-1901,1,1
Kepler-1902,1,1
Kepler-1903,1,1
Kepler-1904,1,1
Kepler-1905,1,1
Kepler-1906,1,1
Kepler-1907,1,2
Kepler-1909,1,1
Kepler-191,1,3
Kepler-1910,1,1
Kepler-1911,1,1
Kepler-1912,1,1
Kepler-1913,1,1
Kepler-1914,1,1
Kepler-1915,1,1
Kepler-1916,1,1
Kepler-1917,1,1
Kepler-1918,1,1
Kepler-1919,1,1
Kepler-192,1,3
Kepler-1920,1,1
Kepler-1921,1,2
Kepler-1922,1,1
Kepler-1923,1,1
Kepler-1924,1,1
Kepler-1925,1,1
Kepler-1926,1,1
Kepler-1927,1,1
Kepler-1928,1,1
Kepler-1929,1,1
Kepler-193,1,2
Kepler-1930,1,1
Kepler-1931,1,1
Kepler-1932,1,1
Kepler-1933,1,1
Kepler-1934,1,1
Kepler-1935,1,1
Kepler-1936,1,1
Kepler-1937,1,1
Kepler-1938,1,1
Kepler-1939,1,1
Kepler-194,1,3
Kepler-1940,1,1
Kepler-1941,1,1
Kepler-1942,1,1
Kepler-1943,1,1
Kepler-1944,1,1
Kepler-1945,1,1
Kepler-1946,1,1
Kepler-1947,1,1
Kepler-1948,1,1
Kepler-1949,1,1
Kepler-195,1,2
Kepler-1950,1,1
Kepler-1951,1,1
Kepler-1952,1,1
Kepler-1953,1,1
Kepler-1954,1,1
Kepler-1955,1,1
Kepler-1956,1,1
Kepler-1957,1,1
Kepler-1958,1,1
Kepler-1959,1,1
Kepler-196,1,3
Kepler-1960,1,1
Kepler-1961,1,1
Kepler-1962,1,1
Kepler-1963,1,1
Kepler-1964,1,1
Kepler-1965,1,1
Kepler-1966,1,1
Kepler-1967,1,1
Kepler-1968,1,1
Kepler-1969,1,1
Kepler-197,2,4
Kepler-1972,1,2
Kepler-1976,1,1
Kepler-1977,1,1
Kepler-1978,1,1
Kepler-1979,1,1
Kepler-198,1,3
Kepler-1980,1,1
Kepler-1981,1,1
Kepler-1982,1,1
Kepler-1983,1,1
Kepler-1984,1,1
Kepler-1985,1,1
Kepler-1986,1,1
Kepler-1987,1,4
Kepler-1988,1,1
Kepler-1989,1,1
Kepler-199,1,2
Kepler-1990,1,2
Kepler-1991,1,2
Kepler-1992,1,1
Kepler-1993,1,1
Kepler-1994,1,1
Kepler-1995,1,1
Kepler-1996,1,2
Kepler-1997,1,1
Kepler-1998,1,1
Kepler-1999,1,1
Kepler-20,2,6
Kepler-200,1,2
Kepler-2000,1,2
Kepler-2001,1,2
Kepler-201,1,2
Kepler-202,1,2
Kepler-203,1,3
Kepler-204,1,2
Kepler-205,1,2
Kepler-206,1,3
Kepler-207,1,3
Kepler-208,1,4
Kepler-209,1,2
Kepler-21,2,1
Kepler-210,1,2
Kepler-211,1,2
Kepler-212,1,2
Kepler-213,1,2
Kepler-214,1,2
Kepler-215,1,4
Kepler-216,1,2
Kepler-217,1,3
Kepler-218,1,3
Kepler-219,1,3
Kepler-22,1,1
Kepler-220,1,4
Kepler-221,1,4
Kepler-222,1,3
Kepler-223,1,4
Kepler-224,1,4
Kepler-225,1,2
Kepler-226,1,3
Kepler-227,1,2
Kepler-228,1,3
Kepler-229,1,3
Kepler-23,1,3
Kepler-230,1,2
Kepler-231,1,2
Kepler-232,1,2
Kepler-233,1,2
Kepler-234,1,2
Kepler-235,1,4
Kepler-236,1,2
Kepler-237,1,2
Kepler-238,1,5
Kepler-239,1,2
Kepler-24,1,4
Kepler-240,1,2
Kepler-241,1,2
Kepler-242,1,2
Kepler-243,1,2
Kepler-244,1,3
Kepler-245,1,4
Kepler-246,1,2
Kepler-247,1,3
Kepler-248,1,2
Kepler-249,1,3
Kepler-25,2,3
Kepler-250,1,3
Kepler-251,1,4
Kepler-252,1,2
Kepler-253,1,3
Kepler-254,1,3
Kepler-255,1,3
Kepler-256,1,4
Kepler-257,1,3
Kepler-258,1,2
Kepler-259,1,2
Kepler-26,1,4
Kepler-260,1,2
Kepler-261,1,2
Kepler-262,1,2
Kepler-263,1,2
Kepler-264,1,2
Kepler-265,1,4
Kepler-266,1,2
Kepler-267,1,3
Kepler-268,1,2
Kepler-269,1,2
Kepler-27,1,3
Kepler-270,1,2
Kepler-271,1,3
Kepler-272,1,3
Kepler-273,1,2
Kepler-274,1,2
Kepler-275,1,3
Kepler-276,1,3
Kepler-277,1,2
Kepler-278,1,2
Kepler-279,1,3
Kepler-28,1,2
Kepler-280,1,2
Kepler-281,1,3
Kepler-282,1,4
Kepler-283,1,2
Kepler-284,1,2
Kepler-285,1,2
Kepler-286,1,4
Kepler-287,1,2
Kepler-288,1,3
Kepler-289,1,3
Kepler-29,1,2
Kepler-290,1,3
Kepler-291,1,2
Kepler-292,1,5
Kepler-293,1,2
Kepler-294,1,2
Kepler-295,1,3
Kepler-296,2,5
Kepler-297,1,3
Kepler-298,1,3
Kepler-299,1,4
Kepler-30,1,3
Kepler-300,1,2
Kepler-301,1,3
Kepler-302,1,2
Kepler-303,1,2
Kepler-304,1,4
Kepler-305,1,4
Kepler-306,1,4
Kepler-307,1,2
Kepler-308,1,2
Kepler-309,1,2
Kepler-31,1,3
Kepler-310,1,3
Kepler-311,1,3
Kepler-312,1,2
Kepler-313,1,2
Kepler-314,1,2
Kepler-315,1,2
Kepler-316,1,2
Kepler-317,1,2
Kepler-318,1,2
Kepler-319,1,3
Kepler-32,1,5
Kepler-320,1,2
Kepler-321,1,2
Kepler-322,1,2
Kepler-323,1,2
Kepler-324,1,4
Kepler-325,1,3
Kepler-326,1,3
Kepler-327,1,3
Kepler-328,1,2
Kepler-329,1,2
Kepler-33,1,5
Kepler-330,1,2
Kepler-331,1,3
Kepler-332,1,3
Kepler-333,2,2
Kepler-334,1,3
Kepler-335,1,2
Kepler-336,1,3
Kepler-337,1,2
Kepler-338,1,4
Kepler-339,1,3
Kepler-34,2,1
Kepler-340,1,2
Kepler-341,1,4
Kepler-342,1,4
Kepler-343,1,2
Kepler-344,1,2
Kepler-345,1,2
Kepler-346,1,2
Kepler-347,1,3
Kepler-348,1,2
Kepler-349,1,2
Kepler-35,2,1
Kepler-350,1,3
Kepler-351,1,3
Kepler-352,1,3
Kepler-353,2,2
Kepler-354,1,3
Kepler-355,1,2
Kepler-356,1,2
Kepler-357,1,3
Kepler-358,1,2
Kepler-359,1,3
Kepler-36,1,2
Kepler-360,1,2
Kepler-361,1,2
Kepler-362,1,2
Kepler-363,1,3
Kepler-364,1,2
Kepler-365,1,2
Kepler-366,1,2
Kepler-367,1,2
Kepler-368,1,2
Kepler-369,1,2
Kepler-37,1,4
Kepler-370,1,2
Kepler-371,1,2
Kepler-372,1,3
Kepler-373,1,2
Kepler-374,1,3
Kepler-375,1,2
Kepler-376,1,2
Kepler-377,1,2
Kepler-378,1,2
Kepler-379,1,2
Kepler-38,2,1
Kepler-380,1,2
Kepler-381,1,3
Kepler-382,1,2
Kepler-383,1,2
Kepler-384,1,2
Kepler-385,1,3
Kepler-386,1,2
Kepler-387,1,2
Kepler-388,1,2
Kepler-389,1,2
Kepler-39,1,1
Kepler-390,2,2
Kepler-391,1,2
Kepler-392,1,2
Kepler-393,1,2
Kepler-394,1,3
Kepler-395,1,2
Kepler-396,1,2
Kepler-397,1,2
Kepler-398,1,3
Kepler-399,1,3
Kepler-4,1,1
Kepler-40,1,1
Kepler-400,1,2
Kepler-401,1,3
Kepler-402,1,4
Kepler-403,1,3
Kepler-404,1,2
Kepler-405,1,2
Kepler-406,1,2
Kepler-407,1,2
Kepler-408,1,1
Kepler-409,1,1
Kepler-41,1,1
Kepler-410,2,1
Kepler-411,2,4
Kepler-412,1,1
Kepler-413,2,1
Kepler-414,1,2
Kepler-415,1,2
Kepler-416,1,3
Kepler-417,1,2
Kepler-418,1,2
Kepler-419,1,2
Kepler-42,1,3
Kepler-421,1,1
Kepler-422,1,1
Kepler-423,1,1
Kepler-424,1,2
Kepler-425,1,1
Kepler-426,1,1
Kepler-427,1,1
Kepler-428,1,1
Kepler-43,1,1
Kepler-430,1,2
Kepler-431,1,3
Kepler-432,2,2
Kepler-433,1,1
Kepler-434,1,1
Kepler-435,1,1
Kepler-436,1,2
Kepler-437,1,1
Kepler-438,1,1
Kepler-439,1,1
Kepler-44,1,1
Kepler-440,1,1
Kepler-441,1,1
Kepler-442,1,1
Kepler-443,1,1
Kepler-444,3,5
Kepler-445,1,3
Kepler-446,1,3
Kepler-447,1,1
Kepler-449,1,2
Kepler-45,1,1
Kepler-450,1,3
Kepler-452,1,1
Kepler-453,2,1
Kepler-454,2,3
Kepler-46,1,3
Kepler-461,1,1
Kepler-462,1,2
Kepler-463,1,1
Kepler-464,1,1
Kepler-465,1,1
Kepler-466,1,2
Kepler-467,1,1
Kepler-468,1,1
Kepler-47,2,3
Kepler-471,1,1
Kepler-472,1,1
Kepler-473,1,1
Kepler-474,1,1
Kepler-475,1,1
Kepler-476,1,1
Kepler-477,2,1
Kepler-478,1,1
Kepler-479,1,1
Kepler-48,1,5
Kepler-480,1,1
Kepler-481,1,1
Kepler-482,1,1
Kepler-483,1,1
Kepler-484,1,1
Kepler-485,1,1
Kepler-487,1,3
Kepler-489,1,1
Kepler-49,1,4
Kepler-490,1,1
Kepler-491,1,1
Kepler-493,1,1
Kepler-495,1,2
Kepler-496,1,1
Kepler-497,1,1
Kepler-498,1,1
Kepler-499,1,1
Kepler-5,1,1
Kepler-50,1,2
Kepler-500,1,1
Kepler-501,1,2
Kepler-502,1,1
Kepler-504,2,1
Kepler-505,1,1
Kepler-506,1,1
Kepler-507,1,1
Kepler-508,1,1
Kepler-509,1,1
Kepler-51,1,3
Kepler-510,1,1
Kepler-511,1,2
Kepler-512,1,1
Kepler-513,1,1
Kepler-514,2,1
Kepler-515,2,1
Kepler-516,1,1
Kepler-517,2,1
Kepler-518,1,1
Kepler-519,2,1
Kepler-52,1,3
Kepler-520,1,2
Kepler-521,1,1
Kepler-522,1,1
Kepler-523,1,1
Kepler-524,1,2
Kepler-525,1,1
Kepler-526,1,1
Kepler-527,1,1
Kepler-528,1,1
Kepler-529,1,3
Kepler-53,1,3
Kepler-530,2,1
Kepler-531,1,1
Kepler-532,1,1
Kepler-533,1,1
Kepler-534,1,2
Kepler-535,1,1
Kepler-536,1,1
Kepler-537,1,1
Kepler-538,2,1
Kepler-539,1,2
Kepler-54,1,3
Kepler-540,1,1
Kepler-541,1,1
Kepler-542,1,1
Kepler-543,1,1
Kepler-544,1,1
Kepler-545,1,1
Kepler-546,1,1
Kepler-547,1,1
Kepler-548,1,1
Kepler-549,1,3
Kepler-55,1,5
Kepler-550,1,1
Kepler-551,1,1
Kepler-552,1,1
Kepler-553,1,2
Kepler-554,1,1
Kepler-555,1,1
Kepler-556,1,1
Kepler-557,1,1
Kepler-558,1,1
Kepler-559,1,1
Kepler-56,1,3
Kepler-560,2,1
Kepler-561,1,2
Kepler-562,1,1
Kepler-563,1,1
Kepler-564,1,1
Kepler-565,1,1
Kepler-566,1,1
Kepler-567,1,1
Kepler-568,1,1
Kepler-569,1,1
Kepler-57,1,2
Kepler-570,1,1
Kepler-571,1,1
Kepler-572,1,1
Kepler-573,1,1
Kepler-574,1,1
Kepler-575,1,1
Kepler-576,1,1
Kepler-577,1,1
Kepler-578,1,1
Kepler-579,1,1
Kepler-58,1,4
Kepler-580,1,1
Kepler-581,1,1
Kepler-582,1,1
Kepler-583,1,1
Kepler-584,1,1
Kepler-585,1,1
Kepler-586,1,1
Kepler-587,1,1
Kepler-588,1,1
Kepler-589,1,2
Kepler-59,1,2
Kepler-590,1,1
Kepler-591,1,1
Kepler-592,1,1
Kepler-593,1,1
Kepler-594,1,1
Kepler-595,1,2
Kepler-596,1,1
Kepler-597,1,1
Kepler-598,1,2
Kepler-599,1,1
Kepler-6,1,1
Kepler-60,1,3
Kepler-600,1,1
Kepler-601,1,1
Kepler-602,1,1
Kepler-603,1,3
Kepler-604,1,1
Kepler-605,1,2
Kepler-606,1,1
Kepler-607,1,2
Kepler-608,1,1
Kepler-609,1,1
Kepler-61,1,1
Kepler-610,1,2
Kepler-611,1,1
Kepler-612,1,1
Kepler-613,1,1
Kepler-614,1,1
Kepler-615,1,1
Kepler-616,1,3
Kepler-617,1,1
Kepler-618,1,1
Kepler-619,1,3
Kepler-62,1,5
Kepler-620,1,1
Kepler-621,1,1
Kepler-622,1,1
Kepler-623,1,1
Kepler-624,1,1
Kepler-625,1,2
Kepler-626,1,1
Kepler-627,1,1
Kepler-629,1,1
Kepler-63,1,1
Kepler-630,1,1
Kepler-631,1,1
Kepler-632,1,1
Kepler-633,1,2
Kepler-634,1,1
Kepler-635,1,1
Kepler-636,2,1
Kepler-637,1,1
Kepler-638,1,1
Kepler-639,1,1
Kepler-640,1,1
Kepler-641,1,1
Kepler-642,1,1
Kepler-643,1,1
Kepler-644,1,1
Kepler-645,1,1
Kepler-646,1,1
Kepler-647,1,2
Kepler-648,1,1
Kepler-649,1,1
Kepler-65,1,4
Kepler-650,1,1
Kepler-651,1,1
Kepler-652,1,1
Kepler-653,1,2
Kepler-654,1,1
Kepler-655,1,1
Kepler-656,1,2
Kepler-657,1,1
Kepler-658,1,1
Kepler-659,1,1
Kepler-66,1,1
Kepler-660,1,1
Kepler-661,1,1
Kepler-662,1,1
Kepler-663,1,1
Kepler-664,1,1
Kepler-665,1,1
Kepler-666,1,1
Kepler-667,1,1
Kepler-668,1,1
Kepler-669,1,1
Kepler-67,1,1
Kepler-670,1,1
Kepler-671,1,1
Kepler-672,1,1
Kepler-673,1,1
Kepler-674,1,1
Kepler-675,1,1
Kepler-676,1,1
Kepler-677,1,1
Kepler-678,1,1
Kepler-679,1,1
Kepler-68,2,4
Kepler-680,1,1
Kepler-681,1,1
Kepler-682,1,1
Kepler-683,1,1
Kepler-684,1,1
Kepler-685,1,1
Kepler-686,1,1
Kepler-687,1,1
Kepler-688,1,1
Kepler-689,1,1
Kepler-69,1,2
Kepler-690,1,1
Kepler-691,1,1
Kepler-692,1,1
Kepler-693,2,1
Kepler-694,1,1
Kepler-695,1,1
Kepler-696,1,1
Kepler-697,1,1
Kepler-698,1,1
Kepler-7,1,1
Kepler-700,1,1
Kepler-701,1,1
Kepler-702,1,1
Kepler-703,1,1
Kepler-704,1,1
Kepler-705,1,1
Kepler-707,1,1
Kepler-708,1,1
Kepler-709,1,1
Kepler-710,1,1
Kepler-711,1,1
Kepler-712,1,2
Kepler-713,1,1
Kepler-714,1,1
Kepler-715,1,1
Kepler-716,1,2
Kepler-717,1,1
Kepler-718,1,1
Kepler-719,1,1
Kepler-720,1,1
Kepler-721,1,1
Kepler-722,1,2
Kepler-723,1,1
Kepler-724,1,1
Kepler-725,1,1
Kepler-726,1,1
Kepler-727,1,1
Kepler-728,1,1
Kepler-729,1,1
Kepler-730,1,2
Kepler-731,1,1
Kepler-732,1,2
Kepler-733,1,1
Kepler-734,1,1
Kepler-735,1,1
Kepler-736,1,1
Kepler-737,1,1
Kepler-738,1,1
Kepler-739,1,1
Kepler-74,1,1
Kepler-740,1,1
Kepler-741,1,1
Kepler-742,1,1
Kepler-743,2,1
Kepler-744,1,1
Kepler-745,1,1
Kepler-746,1,1
Kepler-747,1,1
Kepler-748,1,1
Kepler-749,1,1
Kepler-75,1,1
Kepler-750,1,2
Kepler-751,1,1
Kepler-752,1,1
Kepler-753,1,1
Kepler-754,1,1
Kepler-755,2,2
Kepler-756,1,1
Kepler-757,1,1
Kepler-758,1,4
Kepler-759,1,1
Kepler-76,1,1
Kepler-760,1,2
Kepler-761,1,1
Kepler-762,1,1
Kepler-763,1,3
Kepler-764,1,1
Kepler-765,1,1
Kepler-766,1,1
Kepler-767,1,1
Kepler-768,1,1
Kepler-769,1,2
Kepler-77,1,1
Kepler-770,1,3
Kepler-771,1,1
Kepler-772,1,1
Kepler-773,1,1
Kepler-774,1,1
Kepler-775,1,1
Kepler-776,1,1
Kepler-777,1,1
Kepler-778,1,1
Kepler-779,2,1
Kepler-78,2,1
Kepler-780,1,1
Kepler-781,1,1
Kepler-782,1,1
Kepler-783,1,2
Kepler-784,1,2
Kepler-785,1,1
Kepler-786,1,1
Kepler-787,1,1
Kepler-788,1,1
Kepler-789,1,1
Kepler-79,1,4
Kepler-790,1,1
Kepler-791,1,1
Kepler-792,1,1
Kepler-793,1,1
Kepler-794,1,1
Kepler-795,2,1
Kepler-796,1,1
Kepler-797,1,1
Kepler-798,1,1
Kepler-799,1,2
Kepler-8,1,1
Kepler-80,1,6
Kepler-800,1,1
Kepler-801,1,1
Kepler-802,1,1
Kepler-803,1,1
Kepler-804,1,2
Kepler-805,1,1
Kepler-806,1,1
Kepler-808,1,1
Kepler-809,1,1
Kepler-81,1,3
Kepler-810,1,1
Kepler-811,1,1
Kepler-812,1,1
Kepler-813,1,1
Kepler-814,1,1
Kepler-815,1,1
Kepler-816,1,1
Kepler-817,1,1
Kepler-818,1,1
Kepler-819,1,1
Kepler-82,1,5
Kepler-820,1,1
Kepler-821,1,1
Kepler-822,1,1
Kepler-823,1,1
Kepler-824,1,1
Kepler-825,1,2
Kepler-826,1,1
Kepler-827,1,1
Kepler-828,1,1
Kepler-829,1,1
Kepler-83,2,3
Kepler-830,1,1
Kepler-831,1,1
Kepler-832,1,1
Kepler-833,1,1
Kepler-834,1,1
Kepler-835,1,1
Kepler-836,1,1
Kepler-837,1,1
Kepler-838,1,1
Kepler-839,1,1
Kepler-84,1,5
Kepler-841,1,1
Kepler-842,1,1
Kepler-843,1,1
Kepler-844,1,1
Kepler-845,1,1
Kepler-846,1,1
Kepler-847,1,1
Kepler-848,1,1
Kepler-849,1,1
Kepler-85,1,4
Kepler-850,1,1
Kepler-851,1,1
Kepler-852,1,1
Kepler-853,1,1
Kepler-855,1,1
Kepler-856,1,1
Kepler-857,1,1
Kepler-858,1,1
Kepler-859,1,1
Kepler-860,1,1
Kepler-861,1,1
Kepler-862,1,1
Kepler-863,1,1
Kepler-864,1,2
Kepler-865,1,2
Kepler-866,1,1
Kepler-867,1,1
Kepler-868,1,1
Kepler-869,1,1
Kepler-87,1,2
Kepler-870,1,1
Kepler-871,1,1
Kepler-872,1,1
Kepler-873,1,1
Kepler-874,1,1
Kepler-875,1,1
Kepler-876,1,1
Kepler-877,1,1
Kepler-878,1,1
Kepler-879,1,1
Kepler-880,1,2
Kepler-881,1,1
Kepler-882,1,1
Kepler-883,1,1
Kepler-884,1,1
Kepler-885,1,1
Kepler-886,1,1
Kepler-887,1,2
Kepler-888,1,1
Kepler-889,1,1
Kepler-890,1,1
Kepler-891,1,1
Kepler-892,1,1
Kepler-893,1,1
Kepler-894,1,1
Kepler-895,1,1
Kepler-896,1,2
Kepler-897,1,1
Kepler-898,1,1
Kepler-899,1,1
Kepler-9,1,3
Kepler-900,1,1
Kepler-901,1,1
Kepler-902,1,1
Kepler-903,1,2
Kepler-904,1,1
Kepler-905,1,1
Kepler-906,1,1
Kepler-907,1,1
Kepler-908,3,1
Kepler-909,1,1
Kepler-91,1,1
Kepler-910,1,1
Kepler-911,1,1
Kepler-912,1,1
Kepler-913,1,2
Kepler-914,1,1
Kepler-915,1,1
Kepler-916,1,1
Kepler-917,1,1
Kepler-918,1,1
Kepler-919,1,1
Kepler-92,1,3
Kepler-920,1,2
Kepler-921,1,1
Kepler-922,1,1
Kepler-923,1,1
Kepler-924,1,1
Kepler-925,1,1
Kepler-926,1,1
Kepler-927,1,1
Kepler-928,1,1
Kepler-929,1,1
Kepler-93,1,2
Kepler-930,1,1
Kepler-931,1,1
Kepler-932,1,1
Kepler-933,1,1
Kepler-934,1,1
Kepler-935,1,1
Kepler-936,1,1
Kepler-937,1,2
Kepler-938,1,1
Kepler-939,1,1
Kepler-94,1,2
Kepler-940,1,1
Kepler-941,1,1
Kepler-942,1,1
Kepler-943,1,1
Kepler-944,1,1
Kepler-945,1,1
Kepler-946,1,1
Kepler-947,1,1
Kepler-948,1,1
Kepler-949,1,2
Kepler-95,1,1
Kepler-950,1,1
Kepler-951,2,1
Kepler-952,1,1
Kepler-953,1,2
Kepler-954,1,1
Kepler-955,1,1
Kepler-956,1,1
Kepler-957,1,1
Kepler-958,1,1
Kepler-959,1,1
Kepler-96,1,1
Kepler-960,1,1
Kepler-961,1,1
Kepler-962,1,1
Kepler-963,1,1
Kepler-964,1,1
Kepler-965,1,1
Kepler-966,1,1
Kepler-967,1,2
Kepler-968,1,3
Kepler-969,1,2
Kepler-97,1,2
Kepler-970,2,1
Kepler-971,1,1
Kepler-972,1,1
Kepler-973,1,1
Kepler-974,1,1
Kepler-975,1,2
Kepler-976,1,1
Kepler-977,1,1
Kepler-978,1,1
Kepler-979,1,1
Kepler-98,1,1
Kepler-980,1,1
Kepler-981,1,1
Kepler-982,1,1
Kepler-983,1,1
Kepler-984,1,1
Kepler-985,1,1
Kepler-986,1,1
Kepler-987,1,1
Kepler-988,1,1
Kepler-989,1,1
Kepler-99,2,1
Kepler-990,1,2
Kepler-991,1,1
Kepler-992,1,1
Kepler-993,1,1
Kepler-994,1,1
Kepler-995,1,1
Kepler-996,1,1
Kepler-997,1,1
Kepler-998,1,1
Kepler-999,1,1
L 168-9,1,1
L 363-38,1,1
L 98-59,1,4
LHS 1140,1,2
LHS 1478,1,1
LHS 1678,2,3
LHS 1815,1,1
LHS 3154,1,1
LHS 3844,1,1
LHS 475,1,1
LP 714-47,1,1
LP 791-18,1,3
LP 890-9,1,2
LSPM J2116+0234,1,1
LTT 1445,3,2
LTT 3780,2,2
LTT 9779,1,1
LkCa 15,1,2
Luhman 16,1,1
Lupus-TR-3,1,1
M62H,1,1
MASCARA-1,1,1
MASCARA-4,2,1
MOA-2007-BLG-192L,1,1
MOA-2007-BLG-400L,1,1
MOA-2008-BLG-310L,1,1
MOA-2008-BLG-379L,1,1
MOA-2009-BLG-266L,1,1
MOA-2009-BLG-319L,1,1
MOA-2009-BLG-387L,1,1
MOA-2010-BLG-073L,1,1
MOA-2010-BLG-117L,1,1
MOA-2010-BLG-328L,1,1
MOA-2010-BLG-353L,1,1
MOA-2010-BLG-477L,1,1
MOA-2011-BLG-028L,1,1
MOA-2011-BLG-262L,1,1
MOA-2011-BLG-291L,1,1
MOA-2011-BLG-293L,1,1
MOA-2011-BLG-322L,1,1
MOA-2012-BLG-006L,1,1
MOA-2012-BLG-505L,1,1
MOA-2013-BLG-220L,1,1
MOA-2013-BLG-605L,1,1
MOA-2015-BLG-337L,1,1
MOA-2016-BLG-227L,1,1
MOA-2016-BLG-319L,1,1
MOA-2019-BLG-008L,1,1
MOA-2020-BLG-135L,1,1
MOA-2020-BLG-208L,1,1
MOA-2022-BLG-249L,1,1
MOA-2022-BLG-563L,1,1
MOA-bin-1L,1,1
MOA-bin-29,1,1
MWC 758,1,1
MXB 1658-298,2,1
NGC 2682 Sand 1429,1,1
NGC 2682 Sand 364,1,1
NGC 2682 Sand 978,1,1
NGC 2682 YBP 1194,1,1
NGC 2682 YBP 1514,1,1
NGC 2682 YBP 401,1,1
NGTS-1,1,1
NGTS-10,1,1
NGTS-11,1,1
NGTS-12,1,1
NGTS-13,1,1
NGTS-14,2,1
NGTS-15,1,1
NGTS-16,1,1
NGTS-17,1,1
NGTS-18,1,1
NGTS-2,1,1
NGTS-20,1,1
NGTS-21,1,1
NGTS-23,1,1
NGTS-24,1,1
NGTS-25,1,1
NGTS-26,1,1
NGTS-27,1,1
NGTS-3,2,1
NGTS-30,1,1
NGTS-4,1,1
NGTS-5,1,1
NGTS-6,1,1
NGTS-8,1,1
NGTS-9,1,1
NN Ser,2,2
NSVS 14256825,2,1
NY Vir,2,2
OGLE-2003-BLG-235L,1,1
OGLE-2005-BLG-071L,1,1
OGLE-2005-BLG-169L,1,1
OGLE-2005-BLG-390L,1,1
OGLE-2006-BLG-109L,1,2
OGLE-2006-BLG-284L,2,1
OGLE-2007-BLG-349L,2,1
OGLE-2007-BLG-368L,1,1
OGLE-2008-BLG-092L,2,1
OGLE-2008-BLG-355L,1,1
OGLE-2011-BLG-0173L,1,1
OGLE-2011-BLG-0251L,1,1
OGLE-2011-BLG-0265L,1,1
OGLE-2012-BLG-0026L,1,2
OGLE-2012-BLG-0358L,1,1
OGLE-2012-BLG-0406L,1,1
OGLE-2012-BLG-0563L,1,1
OGLE-2012-BLG-0724L,1,1
OGLE-2012-BLG-0838L,1,1
OGLE-2012-BLG-0950L,1,1
OGLE-2013-BLG-0102L,1,1
OGLE-2013-BLG-0132L,1,1
OGLE-2013-BLG-0341L,2,1
OGLE-2013-BLG-0911L,1,1
OGLE-2013-BLG-1721L,1,1
OGLE-2013-BLG-1761L,1,1
OGLE-2014-BLG-0124L,1,1
OGLE-2014-BLG-0221L,1,1
OGLE-2014-BLG-0319L,1,1
OGLE-2014-BLG-0676L,1,1
OGLE-2014-BLG-1722L,1,2
OGLE-2014-BLG-1760L,1,1
OGLE-2015-BLG-0051L,1,1
OGLE-2015-BLG-0954L,1,1
OGLE-2015-BLG-0966L,1,1
OGLE-2015-BLG-1649L,1,1
OGLE-2015-BLG-1670L,1,1
OGLE-2015-BLG-1771L,1,1
OGLE-2016-BLG-0263L,1,1
OGLE-2016-BLG-0613L,2,1
OGLE-2016-BLG-1067L,1,1
OGLE-2016-BLG-1093L,1,1
OGLE-2016-BLG-1190L,1,1
OGLE-2016-BLG-1195L,1,1
OGLE-2016-BLG-1227L,1,1
OGLE-2017-BLG-0173L,1,1
OGLE-2017-BLG-0373L,1,1
OGLE-2017-BLG-0406L,1,1
OGLE-2017-BLG-0448L,1,1
OGLE-2017-BLG-0482L,1,1
OGLE-2017-BLG-0604L,1,1
OGLE-2017-BLG-0640L,1,1
OGLE-2017-BLG-1049L,1,1
OGLE-2017-BLG-1099L,1,1
OGLE-2017-BLG-1140L,1,1
OGLE-2017-BLG-1237L,1,1
OGLE-2017-BLG-1275L,1,1
OGLE-2017-BLG-1375L,1,1
OGLE-2017-BLG-1434L,1,1
OGLE-2017-BLG-1522L,1,1
OGLE-2017-BLG-1691L,1,1
OGLE-2017-BLG-1806L,1,1
OGLE-2018-BLG-0298L,1,1
OGLE-2018-BLG-0383L,1,1
OGLE-2018-BLG-0506L,1,1
OGLE-2018-BLG-0516L,1,1
OGLE-2018-BLG-0532L,1,1
OGLE-2018-BLG-0567L,1,1
OGLE-2018-BLG-0596L,1,1
OGLE-2018-BLG-0677L,1,1
OGLE-2018-BLG-0740L,1,1
OGLE-2018-BLG-0799L,1,1
OGLE-2018-BLG-0932L,1,1
OGLE-2018-BLG-0962L,1,1
OGLE-2018-BLG-0977L,1,1
OGLE-2018-BLG-1011L,1,2
OGLE-2018-BLG-1119L,1,1
OGLE-2018-BLG-1126L,1,1
OGLE-2018-BLG-1185L,1,1
OGLE-2018-BLG-1212L,1,1
OGLE-2018-BLG-1269L,1,1
OGLE-2018-BLG-1367L,1,1
OGLE-2018-BLG-1428L,1,1
OGLE-2018-BLG-1647L,1,1
OGLE-2018-BLG-1700L,2,1
OGLE-2019-BLG-0249L,1,1
OGLE-2019-BLG-0299L,1,1
OGLE-2019-BLG-0304L,2,1
OGLE-2019-BLG-0362L,1,1
OGLE-2019-BLG-0468L,1,2
OGLE-2019-BLG-0679L,1,1
OGLE-2019-BLG-0954L,1,1
OGLE-2019-BLG-0960L,1,1
OGLE-2019-BLG-1053L,1,1
OGLE-2019-BLG-1180L,1,1
OGLE-2019-BLG-1470L,2,1
OGLE-2019-BLG-1492L,1,1
OGLE-2023-BLG-0836L,2,1
OGLE-TR-10,1,1
OGLE-TR-111,1,1
OGLE-TR-113,1,1
OGLE-TR-132,1,1
OGLE-TR-182,1,1
OGLE-TR-211,1,1
OGLE-TR-56,1,1
OGLE2-TR-L9,1,1
Oph 11,1,1
PDS 70,1,2
PH1,4,1
PH2,1,1
POTS-1,1,1
PSR B0329+54,1,1
PSR B1257+12,1,3
PSR B1620-26,2,1
PSR J1719-1438,1,1
PSR J2322-2650,1,1
PZ Tel,1,1
Pr0201,1,1
Pr0211,2,2
Qatar-1,1,1
Qatar-10,1,1
Qatar-2,1,1
Qatar-3,1,1
Qatar-4,1,1
Qatar-5,1,1
Qatar-6,2,1
Qatar-7,1,1
Qatar-8,1,1
Qatar-9,1,1
ROXs 12,2,1
ROXs 42,2,1
RR Cae,2,1
Ross 128,1,1
Ross 458,2,1
Ross 508,1,1
SPECULOOS-3,1,1
SR 12,2,1
SWEEPS-11,1,1
SWEEPS-4,1,1
TAP 26,1,1
TCP J05074264+2447555,1,1
TIC 139270665,1,2
TIC 172900988,2,1
TIC 237913194,1,1
TIC 241249530,2,1
TIC 257060897,1,1
TIC 279401253,1,2
TIC 365102760,1,1
TIC 393818343,1,1
TIC 46432937,1,1
TIC 4672985,1,1
TOI-1052,1,2
TOI-1062,1,2
TOI-1064,1,2
TOI-1075,1,1
TOI-1107,1,1
TOI-1130,1,2
TOI-1135,1,1
TOI-1136,1,6
TOI-1173,2,1
TOI-1174,1,1
TOI-1180,1,1
TOI-1181,1,1
TOI-1184,1,1
TOI-1194,1,1
TOI-1199,1,1
TOI-1201,2,1
TOI-122,1,1
TOI-1221,1,1
TOI-1224,1,2
TOI-1227,1,1
TOI-1231,1,1
TOI-1235,1,1
TOI-1244,1,1
TOI-1246,1,4
TOI-1248,1,1
TOI-1249,1,1
TOI-125,1,3
TOI-1259,2,1
TOI-1260,1,3
TOI-1266,1,2
TOI-1268,1,1
TOI-1269,1,1
TOI-1272,1,2
TOI-1273,1,1
TOI-1278,1,1
TOI-1279,1,1
TOI-128,1,1
TOI-1288,1,2
TOI-1294,1,2
TOI-1296,1,1
TOI-1298,1,1
TOI-132,1,1
TOI-1333,2,1
TOI-1338,2,2
TOI-1347,1,2
TOI-1386,1,2
TOI-139,1,1
TOI-1408,1,2
TOI-1410,1,2
TOI-1411,1,1
TOI-1416,1,1
TOI-1420,1,1
TOI-1422,1,1
TOI-1431,1,1
TOI-1437,1,1
TOI-1439,1,1
TOI-1442,1,1
TOI-1443,1,1
TOI-1444,1,1
TOI-1448,1,1
TOI-1450,2,2
TOI-1451,1,1
TOI-1452,2,1
TOI-1467,1,1
TOI-1468,1,2
TOI-1470,1,2
TOI-1472,1,1
TOI-1478,1,1
TOI-150,1,1
TOI-1516,1,1
TOI-1518,1,1
TOI-157,1,1
TOI-1601,1,1
TOI-163,1,1
TOI-1634,2,2
TOI-1669,1,2
TOI-1670,1,2
TOI-1680,1,1
TOI-1683,1,1
TOI-1685,1,1
TOI-169,1,1
TOI-1691,1,1
TOI-1693,1,1
TOI-1694,1,2
TOI-1695,1,1
TOI-1696,1,1
TOI-1710,2,1
TOI-172,1,1
TOI-1723,1,1
TOI-1728,1,1
TOI-1736,1,2
TOI-1739,1,1
TOI-1742,1,1
TOI-1749,1,3
TOI-1751,1,1
TOI-1753,1,1
TOI-1758,1,1
TOI-1759,1,1
TOI-1775,1,1
TOI-1776,1,1
TOI-178,1,6
TOI-1789,1,1
TOI-1794,1,1
TOI-1798,1,2
TOI-1799,1,1
TOI-1801,2,1
TOI-1806,1,1
TOI-1807,1,1
TOI-181,1,1
TOI-1811,1,1
TOI-1820,1,1
TOI-1823,1,1
TOI-1824,1,1
TOI-1836,1,2
TOI-1842,1,1
TOI-1853,1,1
TOI-1855,1,1
TOI-1859,1,1
TOI-1860,1,1
TOI-1898,1,1
TOI-1899,1,1
TOI-1937,2,1
TOI-198,1,1
TOI-199,1,2
TOI-1994,1,1
TOI-2000,1,2
TOI-201,1,1
TOI-2010,1,1
TOI-2015,1,1
TOI-2018,1,1
TOI-2019,1,1
TOI-2025,1,1
TOI-2046,1,1
TOI-2048,1,1
TOI-206,1,1
TOI-2068,1,1
TOI-2076,1,3
TOI-2081,1,1
TOI-2084,2,1
TOI-2088,1,1
TOI-2095,1,2
TOI-2096,1,2
TOI-2107,1,1
TOI-2109,1,1
TOI-2120,1,1
TOI-2128,1,1
TOI-2134,1,2
TOI-2136,1,1
TOI-2141,1,1
TOI-2145,1,1
TOI-2152,3,1
TOI-2154,1,1
TOI-2158,1,1
TOI-216,1,2
TOI-2180,1,1
TOI-2184,1,1
TOI-2193,2,1
TOI-2194,1,1
TOI-2196,1,1
TOI-220,1,1
TOI-2202,1,2
TOI-2207,1,1
TOI-2236,1,1
TOI-2257,1,1
TOI-2260,1,1
TOI-2266,1,1
TOI-2285,1,1
TOI-2337,1,1
TOI-2338,1,1
TOI-2364,1,1
TOI-2368,1,1
TOI-237,1,1
TOI-2373,1,1
TOI-2374,1,1
TOI-2379,1,1
TOI-238,1,2
TOI-2384,1,1
TOI-2406,1,1
TOI-2411,1,1
TOI-2416,1,1
TOI-2421,1,1
TOI-2427,1,1
TOI-244,1,1
TOI-2443,1,1
TOI-2445,1,1
TOI-2447,1,1
TOI-2459,1,1
TOI-2497,1,1
TOI-2498,1,1
TOI-251,1,1
TOI-2524,1,1
TOI-2525,1,2
TOI-2529,1,1
TOI-2545,1,1
TOI-2567,1,1
TOI-257,1,1
TOI-2570,1,1
TOI-2583,2,1
TOI-2587,2,1
TOI-2589,1,1
TOI-260,1,1
TOI-261,1,1
TOI-262,1,1
TOI-2641,1,1
TOI-2669,1,1
TOI-269,1,1
TOI-270,1,3
TOI-277,1,1
TOI-2796,1,1
TOI-2803,2,1
TOI-2818,1,1
TOI-2842,1,1
TOI-286,1,2
TOI-2977,1,1
TOI-3023,1,1
TOI-3071,1,1
TOI-3082,1,1
TOI-3235,1,1
TOI-3261,1,1
TOI-329,1,1
TOI-332,1,1
TOI-3321,1,1
TOI-3331,2,1
TOI-3353,1,1
TOI-3362,1,1
TOI-3364,1,1
TOI-3540,2,1
TOI-3568,1,1
TOI-3629,1,1
TOI-3688,2,1
TOI-3693,1,1
TOI-3714,2,1
TOI-3757,1,1
TOI-3785,1,1
TOI-3807,1,1
TOI-3819,1,1
TOI-3884,1,1
TOI-3894,1,1
TOI-3912,1,1
TOI-3919,1,1
TOI-3976,2,1
TOI-3984,2,1
TOI-4010,1,4
TOI-406,1,1
TOI-4087,1,1
TOI-4127,1,1
TOI-4137,1,1
TOI-4145,2,1
TOI-4153,1,1
TOI-4184,1,1
TOI-4201,1,1
TOI-421,2,2
TOI-4308,1,1
TOI-431,1,3
TOI-4329,1,1
TOI-4336,3,1
TOI-4342,1,2
TOI-4377,1,1
TOI-4379,1,1
TOI-4406,1,1
TOI-4438,1,1
TOI-444,1,1
TOI-4443,1,1
TOI-4463,2,1
TOI-4479,1,1
TOI-4495,1,1
TOI-451,2,3
TOI-4515,1,1
TOI-4527,1,1
TOI-4551,1,1
TOI-4559,1,1
TOI-4562,1,1
TOI-4582,1,1
TOI-4600,1,2
TOI-4602,1,1
TOI-4603,1,1
TOI-4633,2,1
TOI-4641,1,1
TOI-470,1,1
TOI-4791,1,1
TOI-480,1,1
TOI-481,1,1
TOI-4860,1,1
TOI-500,1,4
TOI-5076,2,1
TOI-5082,1,1
TOI-5126,1,2
TOI-5153,1,1
TOI-5174,1,1
TOI-519,1,1
TOI-5205,1,1
TOI-5218,1,1
TOI-5232,1,1
TOI-5238,1,1
TOI-5293,2,1
TOI-530,1,1
TOI-5301,1,1
TOI-532,1,1
TOI-5344,1,1
TOI-5388,1,1
TOI-5398,1,2
TOI-540,1,1
TOI-544,1,2
TOI-5542,1,1
TOI-558,1,1
TOI-559,1,1
TOI-561,1,4
TOI-5616,1,1
TOI-5634,2,1
TOI-564,1,1
TOI-5678,1,1
TOI-5704,1,1
TOI-5720,1,1
TOI-5799,1,1
TOI-5803,1,1
TOI-6008,1,1
TOI-6029,1,1
TOI-6034,2,1
TOI-6086,1,1
TOI-615,1,1
TOI-620,1,1
TOI-622,1,1
TOI-6255,1,1
TOI-628,1,1
TOI-640,1,1
TOI-654,1,1
TOI-663,1,3
TOI-669,1,1
TOI-672,1,1
TOI-674,1,1
TOI-677,1,1
TOI-700,1,4
TOI-712,1,3
TOI-715,1,1
TOI-733,1,1
TOI-757,1,1
TOI-762,2,1
TOI-763,1,2
TOI-771,1,1
TOI-776,1,2
TOI-778,1,1
TOI-782,1,1
TOI-813,1,1
TOI-815,2,2
TOI-824,1,1
TOI-833,1,1
TOI-836,1,2
TOI-837,1,1
TOI-849,1,1
TOI-858,2,1
TOI-871,1,1
TOI-880,1,1
TOI-892,1,1
TOI-904,1,2
TOI-905,1,1
TOI-907,1,1
TOI-908,1,1
TOI-913,1,1
TOI-942,3,2
TOI-954,1,1
TOI-969,1,2
TRAPPIST-1,1,7
TYC 0434-04538-1,1,1
TYC 1422-614-1,1,2
TYC 2187-512-1,1,1
TYC 3318-01333-1,1,1
TYC 3667-1280-1,1,1
TYC 4282-00605-1,1,1
TYC 8998-760-1,1,2
Teegarden's Star,1,3
TrES-1,2,1
TrES-2,2,1
TrES-3,1,1
TrES-4,2,1
TrES-5,1,1
UCAC3 113-933,1,1
UCAC4 328-061594,1,1
UKIRT-2017-BLG-001L,1,1
USco CTIO 108,1,1
USco1556 A,1,1
USco1621 A,1,1
UZ For,2,2
V0391 Peg,1,1
V1298 Tau,3,4
V830 Tau,1,1
VHS J125601.92-125723.9,2,1
WASP-1,2,1
WASP-10,1,1
WASP-100,2,1
WASP-101,1,1
WASP-103,1,1
WASP-104,2,1
WASP-105,1,1
WASP-106,1,1
WASP-107,1,2
WASP-11,3,1
WASP-110,1,1
WASP-113,1,1
WASP-114,2,1
WASP-117,1,1
WASP-118,1,1
WASP-119,1,1
WASP-12,3,1
WASP-120,1,1
WASP-121,1,1
WASP-123,2,1
WASP-124,1,1
WASP-126,1,2
WASP-127,2,1
WASP-129,2,1
WASP-13,1,1
WASP-130,1,1
WASP-131,1,1
WASP-132,1,2
WASP-133,1,1
WASP-135,1,1
WASP-136,1,1
WASP-138,1,1
WASP-139,2,1
WASP-14,3,1
WASP-140,2,1
WASP-141,1,1
WASP-142,1,1
WASP-144,1,1
WASP-145,2,1
WASP-147,1,1
WASP-148,1,2
WASP-15,1,1
WASP-150,1,1
WASP-151,1,1
WASP-153,1,1
WASP-156,1,1
WASP-157,1,1
WASP-158,1,1
WASP-159,1,1
WASP-16,1,1
WASP-160,2,1
WASP-161,1,1
WASP-162,1,1
WASP-163,1,1
WASP-164,1,1
WASP-165,1,1
WASP-166,1,1
WASP-167,1,1
WASP-168,2,1
WASP-169,1,1
WASP-17,1,1
WASP-170,1,1
WASP-171,1,1
WASP-172,1,1
WASP-173,2,1
WASP-174,1,1
WASP-175,1,1
WASP-176,1,1
WASP-177,1,1
WASP-178,1,1
WASP-18,2,2
WASP-180,2,1
WASP-181,1,1
WASP-182,1,1
WASP-183,1,1
WASP-184,1,1
WASP-185,1,1
WASP-186,1,1
WASP-187,1,1
WASP-189,1,1
WASP-19,1,1
WASP-190,1,1
WASP-192,1,1
WASP-193,1,1
WASP-2,2,1
WASP-20,2,1
WASP-21,1,1
WASP-22,1,1
WASP-23,1,1
WASP-24,3,1
WASP-25,1,1
WASP-26,2,1
WASP-28,1,1
WASP-29,1,1
WASP-3,3,1
WASP-31,1,1
WASP-32,1,1
WASP-33,2,1
WASP-34,1,1
WASP-35,1,1
WASP-36,2,1
WASP-37,1,1
WASP-38,1,1
WASP-39,1,1
WASP-4,1,1
WASP-41,1,2
WASP-42,1,1
WASP-43,1,1
WASP-44,1,1
WASP-45,2,1
WASP-46,1,1
WASP-47,1,4
WASP-48,1,1
WASP-49,2,1
WASP-5,1,1
WASP-50,1,1
WASP-52,1,1
WASP-53,1,2
WASP-54,2,1
WASP-55,2,1
WASP-56,2,1
WASP-57,1,1
WASP-58,2,1
WASP-59,1,1
WASP-6,1,1
WASP-60,1,1
WASP-61,1,1
WASP-62,1,1
WASP-63,1,1
WASP-64,2,1
WASP-65,1,1
WASP-66,1,1
WASP-67,1,1
WASP-68,2,1
WASP-69,1,1
WASP-7,1,1
WASP-70,2,1
WASP-71,1,1
WASP-72,1,1
WASP-73,1,1
WASP-74,1,1
WASP-75,2,1
WASP-76,2,1
WASP-77,2,1
WASP-78,1,1
WASP-79,1,1
WASP-8,2,2
WASP-80,1,1
WASP-81,1,1
WASP-82,1,1
WASP-83,1,1
WASP-84,1,2
WASP-85,2,1
WASP-87,2,1
WASP-88,1,1
WASP-89,1,1
WASP-90,1,1
WASP-91,1,1
WASP-92,1,1
WASP-93,1,1
WASP-94,2,2
WASP-95,1,1
WASP-96,1,1
WASP-97,1,1
WASP-98,2,1
WASP-99,1,1
WD 0806-661,1,1
WD 1856+534,3,1
WISE J033605.05-014350.4,1,1
WISEP J121756.91+162640.2 A,1,1
WTS-1,1,1
WTS-2,1,1
Wendelstein-1,1,1
Wendelstein-2,1,1
Wolf 1061,1,3
Wolf 1069,1,1
Wolf 327,1,1
Wolf 503,1,1
XO-1,1,1
XO-2,2,3
XO-3,1,1
XO-4,1,1
XO-5,1,1
XO-6,1,1
XO-7,1,1
YSES 2,1,1
YZ Cet,1,3
alf Ari,1,1
alf Cen,3,1
alf Tau,2,1
b Cen,2,1
bet Cnc,2,1
bet Pic,1,2
bet UMi,1,1
eps CrB,1,1
eps Eri,1,1
eps Ind,3,1
eps Tau,1,1
gam Cep,2,1
gam Leo,2,1
gam Lib,1,2
gam Psc,1,1
iot Dra,1,2
kap And,1,1
kap CrB,1,1
mu Leo,1,1
mu2 Sco,1,1
nu Oct,2,1
nu Oph,1,2
ome Ser,2,1
omi CrB,1,1
omi UMa,2,1
psi1 Dra,3,1
rho CrB,1,4
tau Boo,2,1
tau Cet,1,4
tau Gem,1,1
ups And,2,3
ups Leo,1,1
xi Aql,1,1
